,id,,season,,week,,start_date,,home_id,,home_points,,away_id,,away_points,
",(",401426532,",",2022,",",1,",'",2022-08-27T16:00:00.000Z,"',",98,",",38,",",2046,",",27,)
",(",401405059,",",2022,",",1,",'",2022-08-27T16:30:00.000Z,"',",77,",",31,",",158,",",28,)
",(",401413256,",",2022,",",1,",'",2022-08-27T19:30:00.000Z,"',",2439,",",52,",",304,",",21,)
",(",401405058,",",2022,",",1,",'",2022-08-27T20:00:00.000Z,"',",356,",",38,",",2751,",",6,)
",(",401404146,",",2022,",",1,",'",2022-08-27T20:00:00.000Z,"',",328,",",31,",",41,",",20,)
",(",401411090,",",2022,",",1,",'",2022-08-27T21:00:00.000Z,"',",52,",",47,",",2184,",",7,)
",(",401426530,",",2022,",",1,",'",2022-08-27T23:00:00.000Z,"',",2226,",",43,",",2429,",",13,)
",(",401411091,",",2022,",",1,",'",2022-08-28T00:15:00.000Z,"',",153,",",56,",",50,",",24,)
",(",401426531,",",2022,",",1,",'",2022-08-28T01:00:00.000Z,"',",2638,",",13,",",249,",",31,)
",(",401409235,",",2022,",",1,",'",2022-08-28T02:00:00.000Z,"',",166,",",12,",",2440,",",23,)
",(",401403853,",",2022,",",1,",'",2022-08-28T02:30:00.000Z,"',",62,",",10,",",238,",",63,)
",(",401416568,",",2022,",",1,",'",2022-09-01T22:00:00.000Z,"',",2006,",",30,",",2598,",",23,)
",(",401415610,",",2022,",",1,",'",2022-09-01T23:00:00.000Z,"',",2116,",",56,",",2569,",",10,)
",(",401426533,",",2022,",",1,",'",2022-09-01T23:00:00.000Z,"',",2229,",",38,",",2803,",",37,)
",(",401441990,",",2022,",",1,",'",2022-09-01T23:00:00.000Z,"',",2649,",",37,",",112358,",",0,)
",(",401403864,",",2022,",",1,",'",2022-09-01T23:00:00.000Z,"',",2633,",",59,",",2050,",",10,)
",(",401411092,",",2022,",",1,",'",2022-09-01T23:00:00.000Z,"',",221,",",38,",",277,",",31,)
",(",401416569,",",2022,",",1,",'",2022-09-01T23:00:00.000Z,"',",197,",",58,",",2117,",",44,)
",(",401411093,",",2022,",",1,",'",2022-09-01T23:30:00.000Z,"',",154,",",44,",",2678,",",10,)
",(",401416592,",",2022,",",1,",'",2022-09-02T00:00:00.000Z,"',",2459,",",34,",",2197,",",27,)
",(",401426534,",",2022,",",1,",'",2022-09-02T00:00:00.000Z,"',",5,",",59,",",2010,",",0,)
",(",401426537,",",2022,",",1,",'",2022-09-02T00:00:00.000Z,"',",142,",",52,",",2348,",",24,)
",(",401405064,",",2022,",",1,",'",2022-09-02T00:00:00.000Z,"',",2509,",",31,",",213,",",35,)
",(",401405060,",",2022,",",1,",'",2022-09-02T01:00:00.000Z,"',",135,",",38,",",166,",",0,)
",(",401403965,",",2022,",",1,",'",2022-09-02T02:00:00.000Z,"',",9,",",40,",",2464,",",3,)
",(",401415213,",",2022,",",1,",'",2022-09-02T02:30:00.000Z,"',",23,",",21,",",2502,",",17,)
",(",401413224,",",2022,",",1,",'",2022-09-02T02:30:00.000Z,"',",278,",",35,",",13,",",7,)
",(",401426330,",",2022,",",1,",'",2022-09-02T23:00:00.000Z,"',",295,",",20,",",259,",",17,)
",(",401416591,",",2022,",",1,",'",2022-09-02T23:00:00.000Z,"',",127,",",35,",",2711,",",13,)
",(",401426535,",",2022,",",1,",'",2022-09-02T23:00:00.000Z,"',",2429,",",24,",",2729,",",41,)
",(",401416590,",",2022,",",1,",'",2022-09-02T23:00:00.000Z,"',",2199,",",42,",",2198,",",34,)
",(",401411094,",",2022,",",1,",'",2022-09-02T23:30:00.000Z,"',",150,",",30,",",218,",",0,)
",(",401404052,",",2022,",",1,",'",2022-09-03T00:00:00.000Z,"',",2305,",",56,",",2635,",",10,)
",(",401405061,",",2022,",",1,",'",2022-09-03T00:00:00.000Z,"',",84,",",23,",",356,",",20,)
",(",401403966,",",2022,",",1,",'",2022-09-03T02:00:00.000Z,"',",38,",",13,",",2628,",",38,)
",(",401411096,",",2022,",",1,",'",2022-09-03T16:00:00.000Z,"',",151,",",20,",",152,",",21,)
",(",401404147,",",2022,",",1,",'",2022-09-03T16:00:00.000Z,"',",41,",",28,",",2115,",",3,)
",(",401415611,",",2022,",",1,",'",2022-09-03T16:00:00.000Z,"',",2426,",",7,",",48,",",14,)
",(",401411095,",",2022,",",1,",'",2022-09-03T16:00:00.000Z,"',",2026,",",61,",",153,",",63,)
",(",401405069,",",2022,",",1,",'",2022-09-03T16:00:00.000Z,"',",103,",",21,",",164,",",22,)
",(",401405067,",",2022,",",1,",'",2022-09-03T16:00:00.000Z,"',",130,",",51,",",36,",",7,)
",(",401405066,",",2022,",",1,",'",2022-09-03T16:00:00.000Z,"',",120,",",31,",",2084,",",10,)
",(",401403865,",",2022,",",1,",'",2022-09-03T16:00:00.000Z,"',",245,",",31,",",2534,",",0,)
",(",401405062,",",2022,",",1,",'",2022-09-03T16:00:00.000Z,"',",2294,",",7,",",2571,",",3,)
",(",401411100,",",2022,",",1,",'",2022-09-03T16:30:00.000Z,"',",258,",",34,",",257,",",17,)
",(",401415209,",",2022,",",1,",'",2022-09-03T17:00:00.000Z,"',",2005,",",48,",",2460,",",17,)
",(",401404057,",",2022,",",1,",'",2022-09-03T18:00:00.000Z,"',",66,",",42,",",2546,",",10,)
",(",401403971,",",2022,",",1,",'",2022-09-03T18:30:00.000Z,"',",26,",",45,",",189,",",17,)
",(",401405063,",",2022,",",1,",'",2022-09-03T19:30:00.000Z,"',",158,",",38,",",155,",",17,)
",(",401403855,",",2022,",",1,",'",2022-09-03T19:30:00.000Z,"',",8,",",31,",",2132,",",24,)
",(",401403967,",",2022,",",1,",'",2022-09-03T19:30:00.000Z,"',",21,",",20,",",12,",",38,)
",(",401426541,",",2022,",",1,",'",2022-09-03T19:30:00.000Z,"',",201,",",45,",",2638,",",13,)
",(",401415211,",",2022,",",1,",'",2022-09-03T19:30:00.000Z,"',",2751,",",40,",",202,",",37,)
",(",401411097,",",2022,",",1,",'",2022-09-03T19:30:00.000Z,"',",2390,",",70,",",2065,",",13,)
",(",401415015,",",2022,",",1,",'",2022-09-03T19:30:00.000Z,"',",276,",",55,",",2450,",",3,)
",(",401403858,",",2022,",",1,",'",2022-09-03T19:30:00.000Z,"',",61,",",49,",",2483,",",3,)
",(",401426542,",",2022,",",1,",'",2022-09-03T19:30:00.000Z,"',",2636,",",35,",",248,",",37,)
",(",401403968,",",2022,",",1,",'",2022-09-03T20:00:00.000Z,"',",25,",",34,",",302,",",13,)
",(",401415612,",",2022,",",1,",'",2022-09-03T20:00:00.000Z,"',",58,",",21,",",252,",",50,)
",(",401403860,",",2022,",",1,",'",2022-09-03T20:00:00.000Z,"',",145,",",28,",",2653,",",10,)
",(",401421116,",",2022,",",1,",'",2022-09-03T21:00:00.000Z,"',",6,",",48,",",2447,",",7,)
",(",401415212,",",2022,",",1,",'",2022-09-03T21:30:00.000Z,"',",2440,",",38,",",326,",",14,)
",(",401420777,",",2022,",",1,",'",2022-09-03T22:00:00.000Z,"',",290,",",59,",",2415,",",7,)
",(",401426538,",",2022,",",1,",'",2022-09-03T22:00:00.000Z,"',",256,",",44,",",2393,",",7,)
",(",401426536,",",2022,",",1,",'",2022-09-03T22:00:00.000Z,"',",195,",",41,",",2226,",",38,)
",(",401426540,",",2022,",",1,",'",2022-09-03T22:00:00.000Z,"',",30,",",66,",",242,",",14,)
",(",401403859,",",2022,",",1,",'",2022-09-03T23:00:00.000Z,"',",96,",",37,",",193,",",13,)
",(",401403857,",",2022,",",1,",'",2022-09-03T23:00:00.000Z,"',",57,",",29,",",254,",",26,)
",(",401414778,",",2022,",",1,",'",2022-09-03T23:00:00.000Z,"',",2655,",",42,",",113,",",10,)
",(",401403856,",",2022,",",1,",'",2022-09-03T23:00:00.000Z,"',",2,",",42,",",2382,",",16,)
",(",401404056,",",2022,",",1,",'",2022-09-03T23:00:00.000Z,"',",2306,",",34,",",233,",",0,)
",(",401403866,",",2022,",",1,",'",2022-09-03T23:00:00.000Z,"',",238,",",42,",",2210,",",31,)
",(",401404157,",",2022,",",1,",'",2022-09-03T23:00:00.000Z,"',",2572,",",27,",",2335,",",29,)
",(",401404134,",",2022,",",1,",'",2022-09-03T23:00:00.000Z,"',",324,",",38,",",349,",",28,)
",(",401405065,",",2022,",",1,",'",2022-09-03T23:00:00.000Z,"',",275,",",38,",",2287,",",0,)
",(",401425418,",",2022,",",1,",'",2022-09-03T23:00:00.000Z,"',",2032,",",58,",",2755,",",3,)
",(",401424416,",",2022,",",1,",'",2022-09-03T23:00:00.000Z,"',",239,",",69,",",399,",",10,)
",(",401421121,",",2022,",",1,",'",2022-09-03T23:00:00.000Z,"',",309,",",24,",",2545,",",7,)
",(",401404124,",",2022,",",1,",'",2022-09-03T23:30:00.000Z,"',",194,",",21,",",87,",",10,)
",(",401403863,",",2022,",",1,",'",2022-09-03T23:30:00.000Z,"',",2579,",",35,",",2247,",",14,)
",(",401403861,",",2022,",",1,",'",2022-09-03T23:30:00.000Z,"',",344,",",49,",",235,",",23,)
",(",401403854,",",2022,",",1,",'",2022-09-03T23:30:00.000Z,"',",333,",",55,",",328,",",0,)
",(",401426539,",",2022,",",1,",'",2022-09-03T23:30:00.000Z,"',",249,",",10,",",2567,",",48,)
",(",401411099,",",2022,",",1,",'",2022-09-04T00:00:00.000Z,"',",183,",",31,",",97,",",7,)
",(",401404055,",",2022,",",1,",'",2022-09-04T00:00:00.000Z,"',",2641,",",63,",",93,",",10,)
",(",401403970,",",2022,",",1,",'",2022-09-04T00:00:00.000Z,"',",24,",",41,",",2142,",",10,)
",(",401404059,",",2022,",",1,",'",2022-09-04T00:00:00.000Z,"',",251,",",52,",",2433,",",10,)
",(",401415210,",",2022,",",1,",'",2022-09-04T00:00:00.000Z,"',",167,",",41,",",311,",",0,)
",(",401403974,",",2022,",",1,",'",2022-09-04T01:30:00.000Z,"',",265,",",24,",",70,",",17,)
",(",401403969,",",2022,",",1,",'",2022-09-04T02:30:00.000Z,"',",204,",",34,",",68,",",17,)
",(",401403973,",",2022,",",1,",'",2022-09-04T02:30:00.000Z,"',",264,",",45,",",2309,",",20,)
",(",401426543,",",2022,",",1,",'",2022-09-04T03:59:00.000Z,"',",62,",",17,",",98,",",49,)
",(",401403867,",",2022,",",1,",'",2022-09-04T23:30:00.000Z,"',",52,",",24,",",99,",",23,)
",(",401411101,",",2022,",",1,",'",2022-09-06T00:00:00.000Z,"',",59,",",10,",",228,",",41,)
",(",401415613,",",2022,",",2,",'",2022-09-09T23:30:00.000Z,"',",2116,",",14,",",97,",",20,)
",(",401415214,",",2022,",",2,",'",2022-09-10T01:00:00.000Z,"',",167,",",14,",",68,",",31,)
",(",401403869,",",2022,",",2,",'",2022-09-10T16:00:00.000Z,"',",8,",",44,",",2579,",",30,)
",(",401426553,",",2022,",",2,",'",2022-09-10T16:00:00.000Z,"',",349,",",38,",",2636,",",41,)
",(",401405073,",",2022,",",2,",'",2022-09-10T16:00:00.000Z,"',",77,",",23,",",150,",",31,)
",(",401405079,",",2022,",",2,",'",2022-09-10T16:00:00.000Z,"',",194,",",45,",",2032,",",12,)
",(",401405080,",",2022,",",2,",'",2022-09-10T16:00:00.000Z,"',",213,",",46,",",195,",",10,)
",(",401411103,",",2022,",",2,",'",2022-09-10T16:00:00.000Z,"',",2247,",",28,",",153,",",35,)
",(",401411105,",",2022,",",2,",'",2022-09-10T16:00:00.000Z,"',",2390,",",30,",",2572,",",7,)
",(",401405071,",",2022,",",2,",'",2022-09-10T16:00:00.000Z,"',",135,",",62,",",2710,",",10,)
",(",401403868,",",2022,",",2,",'",2022-09-10T16:00:00.000Z,"',",251,",",19,",",333,",",20,)
",(",401403876,",",2022,",",2,",'",2022-09-10T16:00:00.000Z,"',",2306,",",40,",",142,",",12,)
",(",401403879,",",2022,",",2,",'",2022-09-10T16:00:00.000Z,"',",238,",",25,",",154,",",45,)
",(",401411106,",",2022,",",2,",'",2022-09-10T16:30:00.000Z,"',",152,",",55,",",2127,",",3,)
",(",401416597,",",2022,",",2,",'",2022-09-10T17:00:00.000Z,"',",2117,",",24,",",6,",",38,)
",(",401403982,",",2022,",",2,",'",2022-09-10T17:30:00.000Z,"',",254,",",73,",",253,",",7,)
",(",401416594,",",2022,",",2,",'",2022-09-10T18:00:00.000Z,"',",2050,",",30,",",2711,",",37,)
",(",401415614,",",2022,",",2,",'",2022-09-10T18:00:00.000Z,"',",218,",",30,",",322,",",14,)
",(",401404125,",",2022,",",2,",'",2022-09-10T18:30:00.000Z,"',",87,",",21,",",276,",",26,)
",(",401415619,",",2022,",",2,",'",2022-09-10T19:30:00.000Z,"',",2132,",",63,",",338,",",10,)
",(",401411102,",",2022,",",2,",'",2022-09-10T19:30:00.000Z,"',",228,",",35,",",231,",",12,)
",(",401426545,",",2022,",",2,",'",2022-09-10T19:30:00.000Z,"',",2429,",",21,",",120,",",56,)
",(",401415617,",",2022,",",2,",'",2022-09-10T19:30:00.000Z,"',",2426,",",13,",",235,",",37,)
",(",401403878,",",2022,",",2,",'",2022-09-10T19:30:00.000Z,"',",245,",",14,",",2026,",",17,)
",(",401403877,",",2022,",",2,",'",2022-09-10T19:30:00.000Z,"',",221,",",27,",",2633,",",34,)
",(",401403977,",",2022,",",2,",'",2022-09-10T19:30:00.000Z,"',",2005,",",41,",",38,",",10,)
",(",401403984,",",2022,",",2,",'",2022-09-10T19:30:00.000Z,"',",275,",",14,",",265,",",17,)
",(",401404063,",",2022,",",2,",'",2022-09-10T20:00:00.000Z,"',",2641,",",33,",",248,",",30,)
",(",401403976,",",2022,",",2,",'",2022-09-10T20:00:00.000Z,"',",25,",",20,",",2439,",",14,)
",(",401420788,",",2022,",",2,",'",2022-09-10T20:00:00.000Z,"',",256,",",63,",",2450,",",7,)
",(",401405074,",",2022,",",2,",'",2022-09-10T20:00:00.000Z,"',",2509,",",56,",",282,",",0,)
",(",401403983,",",2022,",",2,",'",2022-09-10T20:00:00.000Z,"',",264,",",52,",",2502,",",6,)
",(",401416595,",",2022,",",2,",'",2022-09-10T20:00:00.000Z,"',",189,",",57,",",2198,",",59,)
",(",401405078,",",2022,",",2,",'",2022-09-10T20:00:00.000Z,"',",127,",",52,",",2006,",",0,)
",(",401426548,",",2022,",",2,",'",2022-09-10T20:00:00.000Z,"',",36,",",19,",",2393,",",34,)
",(",401405081,",",2022,",",2,",'",2022-09-10T20:00:00.000Z,"',",164,",",66,",",2681,",",7,)
",(",401403872,",",2022,",",2,",'",2022-09-10T20:00:00.000Z,"',",61,",",33,",",2535,",",0,)
",(",401405070,",",2022,",",2,",'",2022-09-10T20:00:00.000Z,"',",356,",",24,",",258,",",3,)
",(",401415177,",",2022,",",2,",'",2022-09-10T20:00:00.000Z,"',",2751,",",33,",",2458,",",10,)
",(",401404064,",",2022,",",2,",'",2022-09-10T20:00:00.000Z,"',",2294,",",7,",",66,",",10,)
",(",401403981,",",2022,",",2,",'",2022-09-10T21:00:00.000Z,"',",26,",",45,",",2011,",",7,)
",(",401415216,",",2022,",",2,",'",2022-09-10T21:30:00.000Z,"',",2440,",",41,",",2916,",",55,)
",(",401416599,",",2022,",",2,",'",2022-09-10T22:00:00.000Z,"',",193,",",31,",",2523,",",14,)
",(",401426546,",",2022,",",2,",'",2022-09-10T22:00:00.000Z,"',",2226,",",42,",",2545,",",9,)
",(",401415024,",",2022,",",2,",'",2022-09-10T22:00:00.000Z,"',",151,",",39,",",295,",",21,)
",(",401404065,",",2022,",",2,",'",2022-09-10T22:00:00.000Z,"',",277,",",42,",",2305,",",55,)
",(",401416596,",",2022,",",2,",'",2022-09-10T22:00:00.000Z,"',",2084,",",31,",",107,",",37,)
",(",401426332,",",2022,",",2,",'",2022-09-10T22:00:00.000Z,"',",324,",",31,",",2241,",",27,)
",(",401426551,",",2022,",",2,",'",2022-09-10T22:00:00.000Z,"',",2335,",",21,",",5,",",14,)
",(",401414779,",",2022,",",2,",'",2022-09-10T23:00:00.000Z,"',",2649,",",55,",",113,",",10,)
",(",401404066,",",2022,",",2,",'",2022-09-10T23:00:00.000Z,"',",201,",",33,",",2309,",",3,)
",(",401415620,",",2022,",",2,",'",2022-09-10T23:00:00.000Z,"',",202,",",38,",",2459,",",35,)
",(",401415215,",",2022,",",2,",'",2022-09-10T23:00:00.000Z,"',",328,",",7,",",2692,",",35,)
",(",401404148,",",2022,",",2,",'",2022-09-10T23:00:00.000Z,"',",41,",",14,",",183,",",48,)
",(",401426544,",",2022,",",2,",'",2022-09-10T23:00:00.000Z,"',",326,",",41,",",2229,",",12,)
",(",401415616,",",2022,",",2,",'",2022-09-10T23:00:00.000Z,"',",2567,",",45,",",2320,",",16,)
",(",401426547,",",2022,",",2,",'",2022-09-10T23:00:00.000Z,"',",2348,",",52,",",2617,",",17,)
",(",401423439,",",2022,",",2,",'",2022-09-10T23:00:00.000Z,"',",2653,",",38,",",2010,",",17,)
",(",401415618,",",2022,",",2,",'",2022-09-10T23:00:00.000Z,"',",58,",",42,",",47,",",20,)
",(",401415615,",",2022,",",2,",'",2022-09-10T23:00:00.000Z,"',",2655,",",52,",",2016,",",0,)
",(",401411104,",",2022,",",2,",'",2022-09-10T23:00:00.000Z,"',",59,",",35,",",2717,",",17,)
",(",401403874,",",2022,",",2,",'",2022-09-10T23:00:00.000Z,"',",145,",",59,",",2110,",",3,)
",(",401416598,",",2022,",",2,",'",2022-09-10T23:00:00.000Z,"',",309,",",49,",",2199,",",21,)
",(",401403871,",",2022,",",2,",'",2022-09-10T23:00:00.000Z,"',",57,",",16,",",96,",",26,)
",(",401403975,",",2022,",",2,",'",2022-09-10T23:30:00.000Z,"',",197,",",34,",",9,",",17,)
",(",401403873,",",2022,",",2,",'",2022-09-10T23:30:00.000Z,"',",99,",",65,",",2582,",",17,)
",(",401426549,",",2022,",",2,",'",2022-09-10T23:30:00.000Z,"',",249,",",59,",",2640,",",27,)
",(",401403980,",",2022,",",2,",'",2022-09-10T23:30:00.000Z,"',",24,",",28,",",30,",",41,)
",(",401426550,",",2022,",",2,",'",2022-09-10T23:30:00.000Z,"',",242,",",52,",",2377,",",10,)
",(",401403870,",",2022,",",2,",'",2022-09-10T23:30:00.000Z,"',",2,",",24,",",23,",",16,)
",(",401405072,",",2022,",",2,",'",2022-09-10T23:30:00.000Z,"',",158,",",42,",",290,",",45,)
",(",401411108,",",2022,",",2,",'",2022-09-11T00:00:00.000Z,"',",259,",",27,",",103,",",10,)
",(",401405077,",",2022,",",2,",'",2022-09-11T00:00:00.000Z,"',",130,",",56,",",62,",",10,)
",(",401405075,",",2022,",",2,",'",2022-09-11T00:00:00.000Z,"',",84,",",35,",",70,",",22,)
",(",401413257,",",2022,",",2,",'",2022-09-11T00:00:00.000Z,"',",21,",",38,",",304,",",7,)
",(",401421117,",",2022,",",2,",'",2022-09-11T00:00:00.000Z,"',",2433,",",35,",",2447,",",7,)
",(",401404067,",",2022,",",2,",'",2022-09-11T00:00:00.000Z,"',",2628,",",59,",",2627,",",17,)
",(",401403978,",",2022,",",2,",'",2022-09-11T00:30:00.000Z,"',",2483,",",70,",",331,",",14,)
",(",401426552,",",2022,",",2,",'",2022-09-11T01:00:00.000Z,"',",2638,",",20,",",166,",",13,)
",(",401404062,",",2022,",",2,",'",2022-09-11T02:15:00.000Z,"',",252,",",26,",",239,",",20,)
",(",401403979,",",2022,",",2,",'",2022-09-11T02:30:00.000Z,"',",278,",",32,",",204,",",35,)
",(",401403875,",",2022,",",2,",'",2022-09-11T03:00:00.000Z,"',",12,",",17,",",344,",",39,)
",(",401411109,",",2022,",",3,",'",2022-09-16T23:30:00.000Z,"',",97,",",31,",",52,",",35,)
",(",401415217,",",2022,",",3,",'",2022-09-17T00:00:00.000Z,"',",2751,",",17,",",2005,",",14,)
",(",401411114,",",2022,",",3,",'",2022-09-17T15:00:00.000Z,"',",259,",",27,",",2747,",",7,)
",(",401403884,",",2022,",",3,",'",2022-09-17T16:00:00.000Z,"',",96,",",31,",",2754,",",0,)
",(",401404136,",",2022,",",3,",'",2022-09-17T16:00:00.000Z,"',",349,",",49,",",222,",",10,)
",(",401403888,",",2022,",",3,",'",2022-09-17T16:00:00.000Z,"',",2579,",",7,",",61,",",48,)
",(",401404070,",",2022,",",3,",'",2022-09-17T16:00:00.000Z,"',",158,",",14,",",201,",",49,)
",(",401405083,",",2022,",",3,",'",2022-09-17T16:00:00.000Z,"',",77,",",24,",",79,",",31,)
",(",401403887,",",2022,",",3,",'",2022-09-17T16:00:00.000Z,"',",142,",",34,",",2000,",",17,)
",(",401416603,",",2022,",",3,",'",2022-09-17T16:00:00.000Z,"',",2309,",",63,",",112358,",",10,)
",(",401405084,",",2022,",",3,",'",2022-09-17T16:00:00.000Z,"',",183,",",32,",",2509,",",29,)
",(",401415623,",",2022,",",3,",'",2022-09-17T16:00:00.000Z,"',",193,",",17,",",2132,",",38,)
",(",401426563,",",2022,",",3,",'",2022-09-17T16:00:00.000Z,"',",84,",",33,",",98,",",30,)
",(",401404071,",",2022,",",3,",'",2022-09-17T16:00:00.000Z,"',",239,",",42,",",326,",",7,)
",(",401404149,",",2022,",",3,",'",2022-09-17T16:00:00.000Z,"',",130,",",59,",",41,",",0,)
",(",401416602,",",2022,",",3,",'",2022-09-17T17:00:00.000Z,"',",2117,",",41,",",2083,",",0,)
",(",401404073,",",2022,",",3,",'",2022-09-17T17:00:00.000Z,"',",277,",",65,",",119,",",7,)
",(",401416601,",",2022,",",3,",'",2022-09-17T17:00:00.000Z,"',",324,",",38,",",2084,",",26,)
",(",401403991,",",2022,",",3,",'",2022-09-17T18:00:00.000Z,"',",26,",",32,",",6,",",31,)
",(",401411113,",",2022,",",3,",'",2022-09-17T18:00:00.000Z,"',",258,",",16,",",295,",",14,)
",(",401405089,",",2022,",",3,",'",2022-09-17T18:00:00.000Z,"',",218,",",14,",",164,",",16,)
",(",401404069,",",2022,",",3,",'",2022-09-17T18:00:00.000Z,"',",66,",",43,",",195,",",10,)
",(",401416600,",",2022,",",3,",'",2022-09-17T18:00:00.000Z,"',",2050,",",31,",",93,",",0,)
",(",401403987,",",2022,",",3,",'",2022-09-17T18:30:00.000Z,"',",87,",",24,",",25,",",17,)
",(",401426558,",",2022,",",3,",'",2022-09-17T19:00:00.000Z,"',",2439,",",58,",",249,",",27,)
",(",401404074,",",2022,",",3,",'",2022-09-17T19:00:00.000Z,"',",2306,",",10,",",2655,",",17,)
",(",401403891,",",2022,",",3,",'",2022-09-17T19:30:00.000Z,"',",2459,",",28,",",238,",",38,)
",(",401403882,",",2022,",",3,",'",2022-09-17T19:30:00.000Z,"',",2,",",12,",",213,",",41,)
",(",401405085,",",2022,",",3,",'",2022-09-17T19:30:00.000Z,"',",275,",",66,",",166,",",7,)
",(",401403989,",",2022,",",3,",'",2022-09-17T19:30:00.000Z,"',",2483,",",41,",",252,",",20,)
",(",401403886,",",2022,",",3,",'",2022-09-17T19:30:00.000Z,"',",59,",",0,",",145,",",42,)
",(",401426560,",",2022,",",3,",'",2022-09-17T19:30:00.000Z,"',",5,",",35,",",290,",",21,)
",(",401403988,",",2022,",",3,",'",2022-09-17T19:30:00.000Z,"',",135,",",49,",",38,",",7,)
",(",401414780,",",2022,",",3,",'",2022-09-17T19:30:00.000Z,"',",113,",",20,",",2619,",",3,)
",(",401426333,",",2022,",",3,",'",2022-09-17T19:30:00.000Z,"',",2026,",",32,",",2653,",",28,)
",(",401415218,",",2022,",",3,",'",2022-09-17T20:00:00.000Z,"',",68,",",30,",",2630,",",7,)
",(",401404068,",",2022,",",3,",'",2022-09-17T20:00:00.000Z,"',",248,",",30,",",2305,",",48,)
",(",401403880,",",2022,",",3,",'",2022-09-17T20:00:00.000Z,"',",333,",",63,",",2433,",",7,)
",(",401404159,",",2022,",",3,",'",2022-09-17T21:00:00.000Z,"',",154,",",37,",",2335,",",36,)
",(",401415029,",",2022,",",3,",'",2022-09-17T21:00:00.000Z,"',",189,",",34,",",276,",",31,)
",(",401403995,",",2022,",",3,",'",2022-09-17T21:00:00.000Z,"',",265,",",38,",",36,",",7,)
",(",401415621,",",2022,",",3,",'",2022-09-17T22:00:00.000Z,"',",151,",",49,",",2097,",",10,)
",(",401403885,",",2022,",",3,",'",2022-09-17T22:00:00.000Z,"',",99,",",31,",",344,",",16,)
",(",401411112,",",2022,",",3,",'",2022-09-17T22:00:00.000Z,"',",150,",",49,",",2448,",",20,)
",(",401403889,",",2022,",",3,",'",2022-09-17T23:00:00.000Z,"',",2633,",",63,",",2006,",",6,)
",(",401403881,",",2022,",",3,",'",2022-09-17T23:00:00.000Z,"',",8,",",38,",",2623,",",27,)
",(",401404075,",",2022,",",3,",'",2022-09-17T23:00:00.000Z,"',",197,",",63,",",2029,",",7,)
",(",401404072,",",2022,",",3,",'",2022-09-17T23:00:00.000Z,"',",152,",",27,",",2641,",",14,)
",(",401426554,",",2022,",",3,",'",2022-09-17T23:00:00.000Z,"',",2247,",",41,",",2429,",",42,)
",(",401405088,",",2022,",",3,",'",2022-09-17T23:00:00.000Z,"',",194,",",77,",",2649,",",21,)
",(",401415032,",",2022,",",3,",'",2022-09-17T23:00:00.000Z,"',",2572,",",64,",",2466,",",10,)
",(",401415622,",",2022,",",3,",'",2022-09-17T23:00:00.000Z,"',",235,",",44,",",2032,",",32,)
",(",401426557,",",2022,",",3,",'",2022-09-17T23:00:00.000Z,"',",2393,",",49,",",2634,",",6,)
",(",401413216,",",2022,",",3,",'",2022-09-17T23:00:00.000Z,"',",202,",",54,",",55,",",17,)
",(",401405087,",",2022,",",3,",'",2022-09-17T23:30:00.000Z,"',",120,",",34,",",2567,",",27,)
",(",401411115,",",2022,",",3,",'",2022-09-17T23:30:00.000Z,"',",2711,",",13,",",221,",",34,)
",(",401426555,",",2022,",",3,",'",2022-09-17T23:30:00.000Z,"',",2226,",",14,",",2116,",",40,)
",(",401426559,",",2022,",",3,",'",2022-09-17T23:30:00.000Z,"',",242,",",33,",",309,",",21,)
",(",401403994,",",2022,",",3,",'",2022-09-17T23:30:00.000Z,"',",264,",",39,",",127,",",28,)
",(",401405082,",",2022,",",3,",'",2022-09-17T23:30:00.000Z,"',",2294,",",27,",",2440,",",0,)
",(",401411110,",",2022,",",3,",'",2022-09-17T23:30:00.000Z,"',",103,",",38,",",311,",",17,)
",(",401403883,",",2022,",",3,",'",2022-09-17T23:30:00.000Z,"',",57,",",31,",",58,",",28,)
",(",401426562,",",2022,",",3,",'",2022-09-18T00:00:00.000Z,"',",251,",",41,",",2636,",",20,)
",(",401426561,",",2022,",",3,",'",2022-09-18T00:00:00.000Z,"',",167,",",27,",",2638,",",10,)
",(",401403990,",",2022,",",3,",'",2022-09-18T00:00:00.000Z,"',",204,",",68,",",147,",",28,)
",(",401426556,",",2022,",",3,",'",2022-09-18T00:00:00.000Z,"',",228,",",48,",",2348,",",20,)
",(",401403890,",",2022,",",3,",'",2022-09-18T01:00:00.000Z,"',",245,",",17,",",2390,",",9,)
",(",401403993,",",2022,",",3,",'",2022-09-18T02:00:00.000Z,"',",254,",",35,",",21,",",7,)
",(",401403992,",",2022,",",3,",'",2022-09-18T02:30:00.000Z,"',",30,",",45,",",278,",",17,)
",(",401403986,",",2022,",",3,",'",2022-09-18T03:00:00.000Z,"',",9,",",21,",",2199,",",30,)
",(",401403985,",",2022,",",3,",'",2022-09-18T03:00:00.000Z,"',",12,",",31,",",2449,",",28,)
",(",401415219,",",2022,",",3,",'",2022-09-18T03:59:00.000Z,"',",62,",",24,",",2184,",",14,)
",(",401426334,",",2022,",",4,",'",2022-09-22T23:30:00.000Z,"',",2247,",",24,",",324,",",41,)
",(",401411116,",",2022,",",4,",'",2022-09-22T23:30:00.000Z,"',",259,",",10,",",277,",",33,)
",(",401421129,",",2022,",",4,",'",2022-09-23T00:30:00.000Z,"',",356,",",31,",",236,",",0,)
",(",401411117,",",2022,",",4,",'",2022-09-23T23:00:00.000Z,"',",183,",",22,",",258,",",20,)
",(",401415220,",",2022,",",4,",'",2022-09-24T00:00:00.000Z,"',",2005,",",48,",",2440,",",20,)
",(",401426571,",",2022,",",4,",'",2022-09-24T01:00:00.000Z,"',",2638,",",27,",",68,",",10,)
",(",401403895,",",2022,",",4,",'",2022-09-24T16:00:00.000Z,"',",61,",",39,",",2309,",",22,)
",(",401404080,",",2022,",",4,",'",2022-09-24T16:00:00.000Z,"',",66,",",24,",",239,",",31,)
",(",401404079,",",2022,",",4,",'",2022-09-24T16:00:00.000Z,"',",2305,",",35,",",150,",",27,)
",(",401403894,",",2022,",",4,",'",2022-09-24T16:00:00.000Z,"',",2,",",17,",",142,",",14,)
",(",401404078,",",2022,",",4,",'",2022-09-24T16:00:00.000Z,"',",2567,",",34,",",2628,",",42,)
",(",401405098,",",2022,",",4,",'",2022-09-24T16:00:00.000Z,"',",213,",",33,",",2117,",",14,)
",(",401411123,",",2022,",",4,",'",2022-09-24T16:00:00.000Z,"',",154,",",45,",",228,",",51,)
",(",401405097,",",2022,",",4,",'",2022-09-24T16:00:00.000Z,"',",130,",",34,",",120,",",27,)
",(",401416604,",",2022,",",4,",'",2022-09-24T16:00:00.000Z,"',",2199,",",31,",",2084,",",50,)
",(",401403899,",",2022,",",4,",'",2022-09-24T16:00:00.000Z,"',",344,",",45,",",189,",",14,)
",(",401411121,",",2022,",",4,",'",2022-09-24T16:00:00.000Z,"',",221,",",45,",",227,",",24,)
",(",401411119,",",2022,",",4,",'",2022-09-24T16:00:00.000Z,"',",97,",",41,",",58,",",3,)
",(",401416606,",",2022,",",4,",'",2022-09-24T18:00:00.000Z,"',",195,",",59,",",2230,",",52,)
",(",401403998,",",2022,",",4,",'",2022-09-24T18:00:00.000Z,"',",38,",",17,",",26,",",45,)
",(",401414781,",",2022,",",4,",'",2022-09-24T18:00:00.000Z,"',",218,",",28,",",113,",",0,)
",(",401405092,",",2022,",",4,",'",2022-09-24T19:30:00.000Z,"',",127,",",7,",",135,",",34,)
",(",401403901,",",2022,",",4,",'",2022-09-24T19:30:00.000Z,"',",2633,",",38,",",57,",",33,)
",(",401405096,",",2022,",",4,",'",2022-09-24T19:30:00.000Z,"',",2132,",",45,",",84,",",24,)
",(",401415037,",",2022,",",4,",'",2022-09-24T19:30:00.000Z,"',",2026,",",28,",",256,",",32,)
",(",401415224,",",2022,",",4,",'",2022-09-24T19:30:00.000Z,"',",21,",",17,",",2649,",",14,)
",(",401426568,",",2022,",",4,",'",2022-09-24T19:30:00.000Z,"',",2390,",",31,",",2393,",",45,)
",(",401426569,",",2022,",",4,",'",2022-09-24T19:30:00.000Z,"',",235,",",44,",",249,",",34,)
",(",401426572,",",2022,",",4,",'",2022-09-24T19:30:00.000Z,"',",2636,",",52,",",2640,",",24,)
",(",401426565,",",2022,",",4,",'",2022-09-24T19:30:00.000Z,"',",98,",",73,",",2229,",",0,)
",(",401404126,",",2022,",",4,",'",2022-09-24T19:30:00.000Z,"',",153,",",32,",",87,",",45,)
",(",401404082,",",2022,",",4,",'",2022-09-24T19:30:00.000Z,"',",2641,",",37,",",251,",",34,)
",(",401403898,",",2022,",",4,",'",2022-09-24T20:00:00.000Z,"',",145,",",35,",",202,",",27,)
",(",401411122,",",2022,",",4,",'",2022-09-24T20:00:00.000Z,"',",2116,",",27,",",59,",",10,)
",(",401415221,",",2022,",",4,",'",2022-09-24T20:00:00.000Z,"',",36,",",10,",",16,",",41,)
",(",401403999,",",2022,",",4,",'",2022-09-24T20:00:00.000Z,"',",265,",",41,",",2483,",",44,)
",(",401403996,",",2022,",",4,",'",2022-09-24T21:30:00.000Z,"',",25,",",49,",",12,",",31,)
",(",401426335,",",2022,",",4,",'",2022-09-24T22:00:00.000Z,"',",295,",",29,",",2032,",",26,)
",(",401415624,",",2022,",",4,",'",2022-09-24T22:00:00.000Z,"',",151,",",20,",",2426,",",23,)
",(",401416605,",",2022,",",4,",'",2022-09-24T22:00:00.000Z,"',",290,",",34,",",2050,",",23,)
",(",401426570,",",2022,",",4,",'",2022-09-24T22:00:00.000Z,"',",248,",",34,",",242,",",27,)
",(",401404160,",",2022,",",4,",'",2022-09-24T22:00:00.000Z,"',",2335,",",21,",",2006,",",12,)
",(",401403896,",",2022,",",4,",'",2022-09-24T23:00:00.000Z,"',",96,",",31,",",2459,",",23,)
",(",401403893,",",2022,",",4,",'",2022-09-24T23:00:00.000Z,"',",245,",",23,",",8,",",21,)
",(",401405091,",",2022,",",4,",'",2022-09-24T23:00:00.000Z,"',",164,",",10,",",2294,",",27,)
",(",401418793,",",2022,",",4,",'",2022-09-24T23:00:00.000Z,"',",326,",",34,",",2277,",",0,)
",(",401415040,",",2022,",",4,",'",2022-09-24T23:00:00.000Z,"',",2655,",",24,",",2572,",",27,)
",(",401426393,",",2022,",",4,",'",2022-09-24T23:00:00.000Z,"',",2653,",",16,",",276,",",7,)
",(",401415222,",",2022,",",4,",'",2022-09-24T23:00:00.000Z,"',",328,",",24,",",2439,",",34,)
",(",401426567,",",2022,",",4,",'",2022-09-24T23:00:00.000Z,"',",6,",",38,",",2348,",",14,)
",(",401426564,",",2022,",",4,",'",2022-09-24T23:30:00.000Z,"',",2579,",",56,",",2429,",",20,)
",(",401405095,",",2022,",",4,",'",2022-09-24T23:30:00.000Z,"',",194,",",52,",",275,",",21,)
",(",401403892,",",2022,",",4,",'",2022-09-24T23:30:00.000Z,"',",333,",",55,",",238,",",3,)
",(",401405093,",",2022,",",4,",'",2022-09-24T23:30:00.000Z,"',",77,",",14,",",193,",",17,)
",(",401426566,",",2022,",",4,",'",2022-09-24T23:30:00.000Z,"',",2509,",",28,",",2226,",",26,)
",(",401404150,",",2022,",",4,",'",2022-09-24T23:30:00.000Z,"',",152,",",41,",",41,",",10,)
",(",401403897,",",2022,",",4,",'",2022-09-24T23:30:00.000Z,"',",99,",",38,",",167,",",0,)
",(",401404081,",",2022,",",4,",'",2022-09-25T00:00:00.000Z,"',",201,",",34,",",2306,",",41,)
",(",401411118,",",2022,",",4,",'",2022-09-25T00:00:00.000Z,"',",52,",",44,",",103,",",14,)
",(",401409237,",",2022,",",4,",'",2022-09-25T00:00:00.000Z,"',",166,",",45,",",62,",",26,)
",(",401426336,",",2022,",",4,",'",2022-09-25T00:00:00.000Z,"',",2433,",",21,",",309,",",17,)
",(",401404000,",",2022,",",4,",'",2022-09-25T01:30:00.000Z,"',",204,",",14,",",30,",",17,)
",(",401415223,",",2022,",",4,",'",2022-09-25T02:15:00.000Z,"',",252,",",38,",",2751,",",24,)
",(",401404001,",",2022,",",4,",'",2022-09-25T02:30:00.000Z,"',",264,",",40,",",24,",",22,)
",(",401403997,",",2022,",",4,",'",2022-09-25T02:30:00.000Z,"',",9,",",13,",",254,",",34,)
",(",401415225,",",2022,",",4,",'",2022-09-25T02:30:00.000Z,"',",23,",",34,",",2711,",",6,)
",(",401403908,",",2022,",",5,",'",2022-09-29T23:00:00.000Z,"',",2579,",",50,",",2569,",",10,)
",(",401415226,",",2022,",",5,",'",2022-09-30T00:00:00.000Z,"',",252,",",38,",",328,",",26,)
",(",401415625,",",2022,",",5,",'",2022-09-30T23:00:00.000Z,"',",248,",",24,",",2655,",",27,)
",(",401426576,",",2022,",",5,",'",2022-09-30T23:30:00.000Z,"',",2393,",",30,",",2636,",",45,)
",(",401415228,",",2022,",",5,",'",2022-10-01T00:00:00.000Z,"',",68,",",35,",",21,",",13,)
",(",401404007,",",2022,",",5,",'",2022-10-01T02:30:00.000Z,"',",26,",",40,",",264,",",32,)
",(",401415229,",",2022,",",5,",'",2022-10-01T03:00:00.000Z,"',",2439,",",31,",",167,",",20,)
",(",401415227,",",2022,",",5,",'",2022-10-01T16:00:00.000Z,"',",2005,",",13,",",2426,",",10,)
",(",401405100,",",2022,",",5,",'",2022-10-01T16:00:00.000Z,"',",2294,",",14,",",130,",",27,)
",(",401405099,",",2022,",",5,",'",2022-10-01T16:00:00.000Z,"',",275,",",10,",",356,",",34,)
",(",401404137,",",2022,",",5,",'",2022-10-01T16:00:00.000Z,"',",349,",",14,",",2247,",",31,)
",(",401404086,",",2022,",",5,",'",2022-10-01T16:00:00.000Z,"',",2628,",",55,",",201,",",24,)
",(",401404085,",",2022,",",5,",'",2022-10-01T16:00:00.000Z,"',",2306,",",37,",",2641,",",28,)
",(",401403905,",",2022,",",5,",'",2022-10-01T16:00:00.000Z,"',",145,",",22,",",96,",",19,)
",(",401411124,",",2022,",",5,",'",2022-10-01T16:00:00.000Z,"',",103,",",34,",",97,",",33,)
",(",401405101,",",2022,",",5,",'",2022-10-01T16:00:00.000Z,"',",135,",",10,",",2509,",",20,)
",(",401415628,",",2022,",",5,",'",2022-10-01T16:00:00.000Z,"',",235,",",24,",",218,",",3,)
",(",401426338,",",2022,",",5,",'",2022-10-01T17:30:00.000Z,"',",256,",",40,",",326,",",13,)
",(",401414782,",",2022,",",5,",'",2022-10-01T18:00:00.000Z,"',",2199,",",20,",",113,",",13,)
",(",401404006,",",2022,",",5,",'",2022-10-01T18:00:00.000Z,"',",254,",",42,",",204,",",16,)
",(",401416608,",",2022,",",5,",'",2022-10-01T18:00:00.000Z,"',",2050,",",44,",",2459,",",38,)
",(",401415626,",",2022,",",5,",'",2022-10-01T18:30:00.000Z,"',",58,",",28,",",151,",",48,)
",(",401405104,",",2022,",",5,",'",2022-10-01T19:30:00.000Z,"',",194,",",49,",",164,",",10,)
",(",401411128,",",2022,",",5,",'",2022-10-01T19:30:00.000Z,"',",153,",",41,",",259,",",10,)
",(",401411127,",",2022,",",5,",'",2022-10-01T19:30:00.000Z,"',",52,",",21,",",154,",",31,)
",(",401404151,",",2022,",",5,",'",2022-10-01T19:30:00.000Z,"',",41,",",19,",",278,",",14,)
",(",401403902,",",2022,",",5,",'",2022-10-01T19:30:00.000Z,"',",8,",",26,",",333,",",49,)
",(",401405105,",",2022,",",5,",'",2022-10-01T19:30:00.000Z,"',",213,",",17,",",77,",",7,)
",(",401421140,",",2022,",",5,",'",2022-10-01T19:30:00.000Z,"',",2026,",",49,",",2643,",",0,)
",(",401416607,",",2022,",",5,",'",2022-10-01T19:30:00.000Z,"',",2649,",",38,",",2117,",",17,)
",(",401405103,",",2022,",",5,",'",2022-10-01T19:30:00.000Z,"',",120,",",27,",",127,",",13,)
",(",401426339,",",2022,",",5,",'",2022-10-01T19:30:00.000Z,"',",276,",",28,",",2241,",",7,)
",(",401404083,",",2022,",",5,",'",2022-10-01T19:30:00.000Z,"',",239,",",25,",",197,",",36,)
",(",401404084,",",2022,",",5,",'",2022-10-01T19:30:00.000Z,"',",2305,",",14,",",66,",",11,)
",(",401416611,",",2022,",",5,",'",2022-10-01T19:30:00.000Z,"',",2309,",",31,",",195,",",24,)
",(",401416610,",",2022,",",5,",'",2022-10-01T19:30:00.000Z,"',",2084,",",24,",",193,",",20,)
",(",401416609,",",2022,",",5,",'",2022-10-01T19:30:00.000Z,"',",2006,",",28,",",189,",",31,)
",(",401426575,",",2022,",",5,",'",2022-10-01T20:00:00.000Z,"',",249,",",45,",",2226,",",28,)
",(",401403906,",",2022,",",5,",'",2022-10-01T20:00:00.000Z,"',",344,",",42,",",245,",",24,)
",(",401426341,",",2022,",",5,",'",2022-10-01T21:00:00.000Z,"',",309,",",17,",",6,",",20,)
",(",401411130,",",2022,",",5,",'",2022-10-01T21:00:00.000Z,"',",183,",",59,",",2681,",",0,)
",(",401404004,",",2022,",",5,",'",2022-10-01T21:30:00.000Z,"',",265,",",28,",",25,",",9,)
",(",401426573,",",2022,",",5,",'",2022-10-01T22:00:00.000Z,"',",2429,",",35,",",2638,",",41,)
",(",401404161,",",2022,",",5,",'",2022-10-01T22:00:00.000Z,"',",295,",",24,",",2335,",",38,)
",(",401416612,",",2022,",",5,",'",2022-10-01T22:00:00.000Z,"',",2711,",",44,",",160,",",7,)
",(",401415627,",",2022,",",5,",'",2022-10-01T23:00:00.000Z,"',",202,",",21,",",2132,",",31,)
",(",401403903,",",2022,",",5,",'",2022-10-01T23:00:00.000Z,"',",2,",",17,",",99,",",21,)
",(",401426578,",",2022,",",5,",'",2022-10-01T23:00:00.000Z,"',",98,",",27,",",2653,",",34,)
",(",401426337,",",2022,",",5,",'",2022-10-01T23:00:00.000Z,"',",324,",",34,",",290,",",30,)
",(",401426340,",",2022,",",5,",'",2022-10-01T23:00:00.000Z,"',",2032,",",45,",",2433,",",28,)
",(",401415230,",",2022,",",5,",'",2022-10-01T23:30:00.000Z,"',",2751,",",16,",",23,",",33,)
",(",401404087,",",2022,",",5,",'",2022-10-01T23:30:00.000Z,"',",251,",",38,",",277,",",20,)
",(",401411125,",",2022,",",5,",'",2022-10-01T23:30:00.000Z,"',",228,",",30,",",152,",",20,)
",(",401411126,",",2022,",",5,",'",2022-10-01T23:30:00.000Z,"',",150,",",38,",",258,",",17,)
",(",401426577,",",2022,",",5,",'",2022-10-01T23:30:00.000Z,"',",242,",",28,",",5,",",24,)
",(",401403907,",",2022,",",5,",'",2022-10-01T23:30:00.000Z,"',",142,",",22,",",61,",",26,)
",(",401405102,",",2022,",",5,",'",2022-10-01T23:30:00.000Z,"',",158,",",35,",",84,",",21,)
",(",401426574,",",2022,",",5,",'",2022-10-02T00:00:00.000Z,"',",166,",",7,",",2229,",",21,)
",(",401411129,",",2022,",",5,",'",2022-10-02T00:00:00.000Z,"',",221,",",21,",",59,",",26,)
",(",401404002,",",2022,",",5,",'",2022-10-02T01:30:00.000Z,"',",12,",",43,",",38,",",20,)
",(",401404003,",",2022,",",5,",'",2022-10-02T02:30:00.000Z,"',",30,",",42,",",9,",",25,)
",(",401404005,",",2022,",",5,",'",2022-10-02T03:00:00.000Z,"',",2483,",",45,",",24,",",27,)
",(",401403904,",",2022,",",5,",'",2022-10-02T16:00:00.000Z,"',",57,",",52,",",331,",",17,)
",(",401415629,",",2022,",",6,",'",2022-10-05T23:00:00.000Z,"',",2116,",",41,",",2567,",",19,)
",(",401405111,",",2022,",",6,",'",2022-10-07T23:00:00.000Z,"',",164,",",13,",",158,",",14,)
",(",401415630,",",2022,",",6,",'",2022-10-07T23:30:00.000Z,"',",235,",",32,",",248,",",33,)
",(",401415233,",",2022,",",6,",'",2022-10-08T02:30:00.000Z,"',",2440,",",14,",",36,",",17,)
",(",401415236,",",2022,",",6,",'",2022-10-08T02:30:00.000Z,"',",23,",",40,",",2439,",",7,)
",(",401405108,",",2022,",",6,",'",2022-10-08T16:00:00.000Z,"',",84,",",10,",",130,",",31,)
",(",401405109,",",2022,",",6,",'",2022-10-08T16:00:00.000Z,"',",120,",",29,",",2509,",",31,)
",(",401403913,",",2022,",",6,",'",2022-10-08T16:00:00.000Z,"',",99,",",13,",",2633,",",40,)
",(",401403914,",",2022,",",6,",'",2022-10-08T16:00:00.000Z,"',",344,",",40,",",8,",",17,)
",(",401404090,",",2022,",",6,",'",2022-10-08T16:00:00.000Z,"',",201,",",0,",",251,",",49,)
",(",401404089,",",2022,",",6,",'",2022-10-08T16:00:00.000Z,"',",2305,",",31,",",2628,",",38,)
",(",401416614,",",2022,",",6,",'",2022-10-08T16:00:00.000Z,"',",2711,",",23,",",2199,",",45,)
",(",401411136,",",2022,",",6,",'",2022-10-08T16:00:00.000Z,"',",258,",",17,",",97,",",34,)
",(",401416617,",",2022,",",6,",'",2022-10-08T16:00:00.000Z,"',",189,",",7,",",2084,",",38,)
",(",401403910,",",2022,",",6,",'",2022-10-08T16:00:00.000Z,"',",57,",",24,",",142,",",17,)
",(",401426342,",",2022,",",6,",'",2022-10-08T18:00:00.000Z,"',",2247,",",41,",",290,",",33,)
",(",401416616,",",2022,",",6,",'",2022-10-08T18:00:00.000Z,"',",195,",",55,",",2006,",",34,)
",(",401415633,",",2022,",",6,",'",2022-10-08T18:30:00.000Z,"',",2132,",",28,",",58,",",24,)
",(",401415632,",",2022,",",6,",'",2022-10-08T19:30:00.000Z,"',",2426,",",53,",",202,",",21,)
",(",401415631,",",2022,",",6,",'",2022-10-08T19:30:00.000Z,"',",2655,",",24,",",151,",",9,)
",(",401426581,",",2022,",",6,",'",2022-10-08T19:30:00.000Z,"',",5,",",41,",",2393,",",14,)
",(",401404091,",",2022,",",6,",'",2022-10-08T19:30:00.000Z,"',",197,",",41,",",2641,",",31,)
",(",401404011,",",2022,",",6,",'",2022-10-08T19:30:00.000Z,"',",26,",",42,",",254,",",32,)
",(",401403911,",",2022,",",6,",'",2022-10-08T19:30:00.000Z,"',",61,",",42,",",2,",",10,)
",(",401411135,",",2022,",",6,",'",2022-10-08T19:30:00.000Z,"',",221,",",45,",",259,",",29,)
",(",401416618,",",2022,",",6,",'",2022-10-08T19:30:00.000Z,"',",193,",",27,",",2309,",",24,)
",(",401416615,",",2022,",",6,",'",2022-10-08T19:30:00.000Z,"',",2459,",",32,",",2649,",",52,)
",(",401416613,",",2022,",",6,",'",2022-10-08T19:30:00.000Z,"',",2117,",",16,",",2050,",",17,)
",(",401405107,",",2022,",",6,",'",2022-10-08T19:30:00.000Z,"',",77,",",7,",",275,",",42,)
",(",401404164,",",2022,",",6,",'",2022-10-08T19:30:00.000Z,"',",113,",",24,",",2335,",",42,)
",(",401404009,",",2022,",",6,",'",2022-10-08T20:00:00.000Z,"',",9,",",45,",",264,",",38,)
",(",401411133,",",2022,",",6,",'",2022-10-08T20:00:00.000Z,"',",2390,",",24,",",153,",",27,)
",(",401403915,",",2022,",",6,",'",2022-10-08T20:00:00.000Z,"',",238,",",28,",",145,",",52,)
",(",401405110,",",2022,",",6,",'",2022-10-08T20:00:00.000Z,"',",127,",",20,",",194,",",49,)
",(",401411132,",",2022,",",6,",'",2022-10-08T20:00:00.000Z,"',",59,",",23,",",150,",",20,)
",(",401426582,",",2022,",",6,",'",2022-10-08T22:00:00.000Z,"',",2636,",",31,",",98,",",28,)
",(",401426343,",",2022,",",6,",'",2022-10-08T23:00:00.000Z,"',",2032,",",20,",",256,",",42,)
",(",401426346,",",2022,",",6,",'",2022-10-08T23:00:00.000Z,"',",2653,",",27,",",2572,",",10,)
",(",401426579,",",2022,",",6,",'",2022-10-08T23:00:00.000Z,"',",2229,",",12,",",41,",",33,)
",(",401415231,",",2022,",",6,",'",2022-10-08T23:00:00.000Z,"',",328,",",34,",",2005,",",27,)
",(",401415234,",",2022,",",6,",'",2022-10-08T23:00:00.000Z,"',",167,",",14,",",2751,",",27,)
",(",401426580,",",2022,",",6,",'",2022-10-08T23:00:00.000Z,"',",2348,",",41,",",2638,",",31,)
",(",401426345,",",2022,",",6,",'",2022-10-08T23:00:00.000Z,"',",326,",",36,",",2026,",",24,)
",(",401404127,",",2022,",",6,",'",2022-10-08T23:30:00.000Z,"',",87,",",28,",",252,",",20,)
",(",401403912,",",2022,",",6,",'",2022-10-08T23:30:00.000Z,"',",96,",",14,",",2579,",",24,)
",(",401404138,",",2022,",",6,",'",2022-10-08T23:30:00.000Z,"',",154,",",45,",",349,",",10,)
",(",401405106,",",2022,",",6,",'",2022-10-08T23:30:00.000Z,"',",356,",",9,",",2294,",",6,)
",(",401404088,",",2022,",",6,",'",2022-10-08T23:30:00.000Z,"',",66,",",9,",",2306,",",10,)
",(",401404012,",",2022,",",6,",'",2022-10-08T23:30:00.000Z,"',",30,",",30,",",265,",",14,)
",(",401411131,",",2022,",",6,",'",2022-10-08T23:30:00.000Z,"',",103,",",3,",",228,",",31,)
",(",401426344,",",2022,",",6,",'",2022-10-09T00:00:00.000Z,"',",2433,",",21,",",324,",",28,)
",(",401411134,",",2022,",",6,",'",2022-10-09T00:00:00.000Z,"',",152,",",19,",",52,",",17,)
",(",401403909,",",2022,",",6,",'",2022-10-09T00:00:00.000Z,"',",333,",",24,",",245,",",20,)
",(",401404008,",",2022,",",6,",'",2022-10-09T01:00:00.000Z,"',",12,",",22,",",2483,",",49,)
",(",401415232,",",2022,",",6,",'",2022-10-09T01:45:00.000Z,"',",68,",",40,",",278,",",20,)
",(",401415235,",",2022,",",6,",'",2022-10-09T02:30:00.000Z,"',",21,",",16,",",62,",",14,)
",(",401404010,",",2022,",",6,",'",2022-10-09T03:00:00.000Z,"',",24,",",27,",",204,",",28,)
",(",401426347,",",2022,",",7,",'",2022-10-12T23:30:00.000Z,"',",276,",",13,",",309,",",23,)
",(",401415634,",",2022,",",7,",'",2022-10-13T23:00:00.000Z,"',",2116,",",70,",",218,",",13,)
",(",401404092,",",2022,",",7,",'",2022-10-13T23:00:00.000Z,"',",277,",",43,",",239,",",40,)
",(",401415635,",",2022,",",7,",'",2022-10-14T23:30:00.000Z,"',",2567,",",40,",",2426,",",34,)
",(",401426584,",",2022,",",7,",'",2022-10-15T00:00:00.000Z,"',",2229,",",10,",",2636,",",30,)
",(",401416619,",",2022,",",7,",'",2022-10-15T16:00:00.000Z,"',",2006,",",21,",",2117,",",28,)
",(",401404094,",",2022,",",7,",'",2022-10-15T16:00:00.000Z,"',",201,",",52,",",2305,",",42,)
",(",401403920,",",2022,",",7,",'",2022-10-15T16:00:00.000Z,"',",145,",",48,",",2,",",34,)
",(",401426348,",",2022,",",7,",'",2022-10-15T16:00:00.000Z,"',",324,",",21,",",295,",",49,)
",(",401405115,",",2022,",",7,",'",2022-10-15T16:00:00.000Z,"',",130,",",41,",",213,",",17,)
",(",401404139,",",2022,",",7,",'",2022-10-15T16:00:00.000Z,"',",349,",",42,",",2142,",",17,)
",(",401416622,",",2022,",",7,",'",2022-10-15T16:00:00.000Z,"',",189,",",17,",",193,",",13,)
",(",401405112,",",2022,",",7,",'",2022-10-15T16:00:00.000Z,"',",356,",",26,",",135,",",14,)
",(",401404093,",",2022,",",7,",'",2022-10-15T16:00:00.000Z,"',",251,",",24,",",66,",",21,)
",(",401411140,",",2022,",",7,",'",2022-10-15T16:30:00.000Z,"',",259,",",14,",",2390,",",20,)
",(",401414783,",",2022,",",7,",'",2022-10-15T17:00:00.000Z,"',",113,",",7,",",2084,",",34,)
",(",401404153,",",2022,",",7,",'",2022-10-15T18:00:00.000Z,"',",2050,",",25,",",41,",",21,)
",(",401404014,",",2022,",",7,",'",2022-10-15T18:00:00.000Z,"',",38,",",20,",",25,",",13,)
",(",401416623,",",2022,",",7,",'",2022-10-15T19:30:00.000Z,"',",2711,",",14,",",195,",",33,)
",(",401403916,",",2022,",",7,",'",2022-10-15T19:30:00.000Z,"',",252,",",35,",",8,",",52,)
",(",401411139,",",2022,",",7,",'",2022-10-15T19:30:00.000Z,"',",183,",",24,",",152,",",9,)
",(",401404162,",",2022,",",7,",'",2022-10-15T19:30:00.000Z,"',",2335,",",21,",",2241,",",20,)
",(",401405114,",",2022,",",7,",'",2022-10-15T19:30:00.000Z,"',",84,",",33,",",120,",",38,)
",(",401404095,",",2022,",",7,",'",2022-10-15T19:30:00.000Z,"',",2628,",",43,",",197,",",40,)
",(",401403918,",",2022,",",7,",'",2022-10-15T19:30:00.000Z,"',",61,",",55,",",238,",",0,)
",(",401403921,",",2022,",",7,",'",2022-10-15T19:30:00.000Z,"',",2633,",",52,",",333,",",49,)
",(",401416620,",",2022,",",7,",'",2022-10-15T19:30:00.000Z,"',",2199,",",10,",",2459,",",39,)
",(",401416621,",",2022,",",7,",'",2022-10-15T19:30:00.000Z,"',",2649,",",52,",",2309,",",31,)
",(",401426352,",",2022,",",7,",'",2022-10-15T19:30:00.000Z,"',",2653,",",17,",",326,",",14,)
",(",401426583,",",2022,",",7,",'",2022-10-15T19:30:00.000Z,"',",5,",",34,",",2429,",",20,)
",(",401426587,",",2022,",",7,",'",2022-10-15T19:30:00.000Z,"',",2393,",",17,",",98,",",35,)
",(",401415636,",",2022,",",7,",'",2022-10-15T20:00:00.000Z,"',",58,",",31,",",2655,",",45,)
",(",401426586,",",2022,",",7,",'",2022-10-15T20:00:00.000Z,"',",249,",",47,",",2348,",",27,)
",(",401405116,",",2022,",",7,",'",2022-10-15T20:00:00.000Z,"',",127,",",34,",",275,",",28,)
",(",401426349,",",2022,",",7,",'",2022-10-15T20:00:00.000Z,"',",290,",",45,",",256,",",38,)
",(",401404013,",",2022,",",7,",'",2022-10-15T21:30:00.000Z,"',",264,",",49,",",12,",",39,)
",(",401426585,",",2022,",",7,",'",2022-10-15T22:00:00.000Z,"',",2226,",",17,",",242,",",14,)
",(",401426350,",",2022,",",7,",'",2022-10-15T23:00:00.000Z,"',",6,",",41,",",2433,",",34,)
",(",401426351,",",2022,",",7,",'",2022-10-15T23:00:00.000Z,"',",2572,",",20,",",2032,",",19,)
",(",401415238,",",2022,",",7,",'",2022-10-15T23:00:00.000Z,"',",36,",",13,",",328,",",17,)
",(",401403917,",",2022,",",7,",'",2022-10-15T23:00:00.000Z,"',",57,",",35,",",99,",",45,)
",(",401411138,",",2022,",",7,",'",2022-10-15T23:30:00.000Z,"',",52,",",28,",",228,",",34,)
",(",401403919,",",2022,",",7,",'",2022-10-15T23:30:00.000Z,"',",96,",",27,",",344,",",17,)
",(",401404016,",",2022,",",7,",'",2022-10-15T23:30:00.000Z,"',",87,",",14,",",24,",",16,)
",(",401405113,",",2022,",",7,",'",2022-10-15T23:30:00.000Z,"',",2509,",",43,",",158,",",37,)
",(",401415637,",",2022,",",7,",'",2022-10-15T23:30:00.000Z,"',",151,",",47,",",235,",",45,)
",(",401409239,",",2022,",",7,",'",2022-10-16T00:00:00.000Z,"',",166,",",21,",",167,",",9,)
",(",401411137,",",2022,",",7,",'",2022-10-16T00:00:00.000Z,"',",150,",",35,",",153,",",38,)
",(",401404017,",",2022,",",7,",'",2022-10-16T00:00:00.000Z,"',",254,",",43,",",30,",",42,)
",(",401404015,",",2022,",",7,",'",2022-10-16T01:00:00.000Z,"',",204,",",24,",",265,",",10,)
",(",401415237,",",2022,",",7,",'",2022-10-16T02:30:00.000Z,"',",2439,",",7,",",2005,",",42,)
",(",401415239,",",2022,",",7,",'",2022-10-16T02:45:00.000Z,"',",278,",",17,",",23,",",10,)
",(",401415240,",",2022,",",7,",'",2022-10-16T03:59:00.000Z,"',",62,",",31,",",2440,",",16,)
",(",401426353,",",2022,",",8,",'",2022-10-19T23:30:00.000Z,"',",2026,",",42,",",2247,",",17,)
",(",401426354,",",2022,",",8,",'",2022-10-20T23:30:00.000Z,"',",6,",",6,",",2653,",",10,)
",(",401411141,",",2022,",",8,",'",2022-10-20T23:30:00.000Z,"',",59,",",9,",",258,",",16,)
",(",401415638,",",2022,",",8,",'",2022-10-21T23:30:00.000Z,"',",218,",",16,",",202,",",27,)
",(",401426592,",",2022,",",8,",'",2022-10-22T00:00:00.000Z,"',",98,",",20,",",5,",",17,)
",(",401415640,",",2022,",",8,",'",2022-10-22T16:00:00.000Z,"',",2426,",",20,",",248,",",38,)
",(",401411142,",",2022,",",8,",'",2022-10-22T16:00:00.000Z,"',",228,",",27,",",183,",",21,)
",(",401405121,",",2022,",",8,",'",2022-10-22T16:00:00.000Z,"',",164,",",24,",",84,",",17,)
",(",401415641,",",2022,",",8,",'",2022-10-22T16:00:00.000Z,"',",2567,",",27,",",2132,",",29,)
",(",401404096,",",2022,",",8,",'",2022-10-22T16:00:00.000Z,"',",239,",",35,",",2305,",",23,)
",(",401416628,",",2022,",",8,",'",2022-10-22T16:00:00.000Z,"',",2309,",",33,",",2006,",",27,)
",(",401403926,",",2022,",",8,",'",2022-10-22T16:00:00.000Z,"',",2633,",",65,",",2630,",",24,)
",(",401404140,",",2022,",",8,",'",2022-10-22T16:00:00.000Z,"',",349,",",48,",",2433,",",24,)
",(",401405119,",",2022,",",8,",'",2022-10-22T16:00:00.000Z,"',",194,",",54,",",2294,",",10,)
",(",401411144,",",2022,",",8,",'",2022-10-22T16:30:00.000Z,"',",2390,",",21,",",150,",",45,)
",(",401416629,",",2022,",",8,",'",2022-10-22T17:00:00.000Z,"',",2117,",",18,",",189,",",34,)
",(",401416626,",",2022,",",8,",'",2022-10-22T17:00:00.000Z,"',",2084,",",34,",",2649,",",27,)
",(",401416624,",",2022,",",8,",'",2022-10-22T18:00:00.000Z,"',",2050,",",16,",",2199,",",20,)
",(",401416625,",",2022,",",8,",'",2022-10-22T18:00:00.000Z,"',",195,",",24,",",2459,",",17,)
",(",401404128,",",2022,",",8,",'",2022-10-22T18:30:00.000Z,"',",87,",",44,",",2439,",",21,)
",(",401426590,",",2022,",",8,",'",2022-10-22T19:00:00.000Z,"',",2348,",",41,",",242,",",42,)
",(",401404099,",",2022,",",8,",'",2022-10-22T19:00:00.000Z,"',",2641,",",48,",",277,",",10,)
",(",401426588,",",2022,",",8,",'",2022-10-22T19:30:00.000Z,"',",2429,",",15,",",2229,",",34,)
",(",401405117,",",2022,",",8,",'",2022-10-22T19:30:00.000Z,"',",275,",",35,",",2509,",",24,)
",(",401411145,",",2022,",",8,",'",2022-10-22T19:30:00.000Z,"',",154,",",43,",",103,",",15,)
",(",401426356,",",2022,",",8,",'",2022-10-22T19:30:00.000Z,"',",295,",",23,",",290,",",28,)
",(",401415639,",",2022,",",8,",'",2022-10-22T19:30:00.000Z,"',",2655,",",38,",",235,",",28,)
",(",401426591,",",2022,",",8,",'",2022-10-22T19:30:00.000Z,"',",2636,",",31,",",249,",",27,)
",(",401404163,",",2022,",",8,",'",2022-10-22T19:30:00.000Z,"',",2335,",",41,",",252,",",14,)
",(",401405118,",",2022,",",8,",'",2022-10-22T19:30:00.000Z,"',",120,",",31,",",77,",",24,)
",(",401426355,",",2022,",",8,",'",2022-10-22T19:30:00.000Z,"',",256,",",12,",",276,",",26,)
",(",401416627,",",2022,",",8,",'",2022-10-22T19:30:00.000Z,"',",193,",",10,",",2711,",",16,)
",(",401404021,",",2022,",",8,",'",2022-10-22T19:30:00.000Z,"',",2483,",",45,",",26,",",30,)
",(",401403923,",",2022,",",8,",'",2022-10-22T19:30:00.000Z,"',",99,",",45,",",145,",",20,)
",(",401404098,",",2022,",",8,",'",2022-10-22T19:30:00.000Z,"',",197,",",41,",",251,",",34,)
",(",401403924,",",2022,",",8,",'",2022-10-22T20:00:00.000Z,"',",142,",",17,",",238,",",14,)
",(",401404018,",",2022,",",8,",'",2022-10-22T20:00:00.000Z,"',",24,",",15,",",9,",",14,)
",(",401415242,",",2022,",",8,",'",2022-10-22T20:00:00.000Z,"',",36,",",17,",",62,",",13,)
",(",401426589,",",2022,",",8,",'",2022-10-22T20:00:00.000Z,"',",2638,",",24,",",2226,",",21,)
",(",401426358,",",2022,",",8,",'",2022-10-22T21:00:00.000Z,"',",326,",",14,",",2572,",",20,)
",(",401426357,",",2022,",",8,",'",2022-10-22T21:00:00.000Z,"',",309,",",38,",",2032,",",18,)
",(",401415243,",",2022,",",8,",'",2022-10-22T22:30:00.000Z,"',",167,",",9,",",278,",",41,)
",(",401415241,",",2022,",",8,",'",2022-10-22T23:00:00.000Z,"',",2005,",",14,",",68,",",19,)
",(",401403922,",",2022,",",8,",'",2022-10-22T23:00:00.000Z,"',",333,",",30,",",344,",",6,)
",(",401403925,",",2022,",",8,",'",2022-10-22T23:30:00.000Z,"',",2579,",",30,",",245,",",24,)
",(",401405120,",",2022,",",8,",'",2022-10-22T23:30:00.000Z,"',",213,",",45,",",135,",",17,)
",(",401415642,",",2022,",",8,",'",2022-10-22T23:30:00.000Z,"',",151,",",34,",",2116,",",13,)
",(",401404020,",",2022,",",8,",'",2022-10-23T00:00:00.000Z,"',",204,",",42,",",38,",",9,)
",(",401404097,",",2022,",",8,",'",2022-10-23T00:00:00.000Z,"',",2628,",",38,",",2306,",",28,)
",(",401411143,",",2022,",",8,",'",2022-10-23T00:00:00.000Z,"',",97,",",24,",",221,",",10,)
",(",401415244,",",2022,",",8,",'",2022-10-23T01:45:00.000Z,"',",2751,",",28,",",328,",",14,)
",(",401415245,",",2022,",",8,",'",2022-10-23T02:30:00.000Z,"',",2440,",",7,",",21,",",23,)
",(",401404019,",",2022,",",8,",'",2022-10-23T02:30:00.000Z,"',",25,",",21,",",264,",",28,)
",(",401426359,",",2022,",",9,",'",2022-10-27T23:30:00.000Z,"',",2572,",",39,",",309,",",24,)
",(",401411146,",",2022,",",9,",'",2022-10-27T23:30:00.000Z,"',",152,",",22,",",259,",",21,)
",(",401404026,",",2022,",",9,",'",2022-10-28T02:00:00.000Z,"',",265,",",17,",",254,",",21,)
",(",401426594,",",2022,",",9,",'",2022-10-29T00:00:00.000Z,"',",2229,",",42,",",2348,",",34,)
",(",401415645,",",2022,",",9,",'",2022-10-29T00:00:00.000Z,"',",252,",",24,",",151,",",27,)
",(",401404154,",",2022,",",9,",'",2022-10-29T16:00:00.000Z,"',",41,",",13,",",103,",",3,)
",(",401416630,",",2022,",",9,",'",2022-10-29T16:00:00.000Z,"',",2199,",",24,",",2649,",",27,)
",(",401404129,",",2022,",",9,",'",2022-10-29T16:00:00.000Z,"',",183,",",24,",",87,",",41,)
",(",401415643,",",2022,",",9,",'",2022-10-29T16:00:00.000Z,"',",248,",",42,",",58,",",27,)
",(",401411147,",",2022,",",9,",'",2022-10-29T16:00:00.000Z,"',",52,",",41,",",59,",",16,)
",(",401404100,",",2022,",",9,",'",2022-10-29T16:00:00.000Z,"',",66,",",13,",",201,",",27,)
",(",401403927,",",2022,",",9,",'",2022-10-29T16:00:00.000Z,"',",2,",",27,",",8,",",41,)
",(",401416631,",",2022,",",9,",'",2022-10-29T16:00:00.000Z,"',",2006,",",9,",",193,",",27,)
",(",401405126,",",2022,",",9,",'",2022-10-29T16:00:00.000Z,"',",213,",",31,",",194,",",44,)
",(",401404103,",",2022,",",9,",'",2022-10-29T16:00:00.000Z,"',",277,",",31,",",2628,",",41,)
",(",401411150,",",2022,",",9,",'",2022-10-29T16:30:00.000Z,"',",258,",",12,",",2390,",",14,)
",(",401426593,",",2022,",",9,",'",2022-10-29T18:00:00.000Z,"',",242,",",23,",",2429,",",56,)
",(",401405123,",",2022,",",9,",'",2022-10-29T18:30:00.000Z,"',",135,",",31,",",164,",",0,)
",(",401426361,",",2022,",",9,",'",2022-10-29T19:00:00.000Z,"',",2247,",",31,",",295,",",17,)
",(",401415644,",",2022,",",9,",'",2022-10-29T19:30:00.000Z,"',",2116,",",25,",",2132,",",21,)
",(",401404024,",",2022,",",9,",'",2022-10-29T19:30:00.000Z,"',",25,",",24,",",2483,",",42,)
",(",401415646,",",2022,",",9,",'",2022-10-29T19:30:00.000Z,"',",2426,",",27,",",218,",",20,)
",(",401426597,",",2022,",",9,",'",2022-10-29T19:30:00.000Z,"',",98,",",13,",",249,",",40,)
",(",401415647,",",2022,",",9,",'",2022-10-29T19:30:00.000Z,"',",202,",",34,",",2567,",",45,)
",(",401405122,",",2022,",",9,",'",2022-10-29T19:30:00.000Z,"',",2294,",",33,",",77,",",13,)
",(",401405124,",",2022,",",9,",'",2022-10-29T19:30:00.000Z,"',",158,",",9,",",356,",",26,)
",(",401409242,",",2022,",",9,",'",2022-10-29T19:30:00.000Z,"',",113,",",13,",",166,",",23,)
",(",401404102,",",2022,",",9,",'",2022-10-29T19:30:00.000Z,"',",2306,",",48,",",197,",",0,)
",(",401426360,",",2022,",",9,",'",2022-10-29T19:30:00.000Z,"',",2026,",",42,",",2523,",",3,)
",(",401403928,",",2022,",",9,",'",2022-10-29T19:30:00.000Z,"',",61,",",42,",",57,",",20,)
",(",401411148,",",2022,",",9,",'",2022-10-29T19:30:00.000Z,"',",97,",",48,",",154,",",21,)
",(",401403929,",",2022,",",9,",'",2022-10-29T20:00:00.000Z,"',",2579,",",10,",",142,",",23,)
",(",401426363,",",2022,",",9,",'",2022-10-29T20:00:00.000Z,"',",2032,",",3,",",6,",",31,)
",(",401415246,",",2022,",",9,",'",2022-10-29T23:00:00.000Z,"',",68,",",49,",",36,",",10,)
",(",401426595,",",2022,",",9,",'",2022-10-29T23:00:00.000Z,"',",2226,",",24,",",5,",",17,)
",(",401403930,",",2022,",",9,",'",2022-10-29T23:00:00.000Z,"',",2633,",",44,",",96,",",6,)
",(",401404022,",",2022,",",9,",'",2022-10-29T23:00:00.000Z,"',",12,",",37,",",30,",",45,)
",(",401426362,",",2022,",",9,",'",2022-10-29T23:00:00.000Z,"',",276,",",13,",",324,",",24,)
",(",401404023,",",2022,",",9,",'",2022-10-29T23:30:00.000Z,"',",38,",",34,",",9,",",42,)
",(",401403931,",",2022,",",9,",'",2022-10-29T23:30:00.000Z,"',",245,",",28,",",145,",",31,)
",(",401404101,",",2022,",",9,",'",2022-10-29T23:30:00.000Z,"',",2641,",",17,",",239,",",45,)
",(",401405125,",",2022,",",9,",'",2022-10-29T23:30:00.000Z,"',",130,",",29,",",127,",",7,)
",(",401411149,",",2022,",",9,",'",2022-10-30T00:00:00.000Z,"',",153,",",42,",",221,",",24,)
",(",401426596,",",2022,",",9,",'",2022-10-30T01:00:00.000Z,"',",2638,",",13,",",2393,",",24,)
",(",401415249,",",2022,",",9,",'",2022-10-30T02:30:00.000Z,"',",23,",",35,",",2440,",",28,)
",(",401415248,",",2022,",",9,",'",2022-10-30T02:30:00.000Z,"',",278,",",32,",",21,",",28,)
",(",401404025,",",2022,",",9,",'",2022-10-30T02:30:00.000Z,"',",26,",",38,",",24,",",13,)
",(",401415247,",",2022,",",9,",'",2022-10-30T03:59:00.000Z,"',",62,",",20,",",2751,",",27,)
",(",401416632,",",2022,",",10,",'",2022-11-01T23:00:00.000Z,"',",2309,",",20,",",2050,",",27,)
",(",401416633,",",2022,",",10,",'",2022-11-01T23:30:00.000Z,"',",195,",",45,",",2084,",",24,)
",(",401416635,",",2022,",",10,",'",2022-11-02T23:00:00.000Z,"',",189,",",13,",",2711,",",9,)
",(",401416634,",",2022,",",10,",'",2022-11-02T23:00:00.000Z,"',",2459,",",22,",",2117,",",35,)
",(",401426601,",",2022,",",10,",'",2022-11-03T23:00:00.000Z,"',",242,",",37,",",2638,",",30,)
",(",401426364,",",2022,",",10,",'",2022-11-03T23:30:00.000Z,"',",324,",",35,",",2026,",",28,)
",(",401411151,",",2022,",",10,",'",2022-11-04T23:00:00.000Z,"',",103,",",31,",",150,",",38,)
",(",401404155,",",2022,",",10,",'",2022-11-04T23:00:00.000Z,"',",41,",",27,",",113,",",10,)
",(",401404031,",",2022,",",10,",'",2022-11-05T02:30:00.000Z,"',",264,",",24,",",204,",",21,)
",(",401404141,",",2022,",",10,",'",2022-11-05T15:30:00.000Z,"',",349,",",7,",",2005,",",13,)
",(",401426598,",",2022,",",10,",'",2022-11-05T16:00:00.000Z,"',",2429,",",7,",",98,",",59,)
",(",401403936,",",2022,",",10,",'",2022-11-05T16:00:00.000Z,"',",142,",",17,",",96,",",21,)
",(",401403937,",",2022,",",10,",'",2022-11-05T16:00:00.000Z,"',",245,",",24,",",57,",",41,)
",(",401411156,",",2022,",",10,",'",2022-11-05T16:00:00.000Z,"',",258,",",28,",",153,",",31,)
",(",401405130,",",2022,",",10,",'",2022-11-05T16:00:00.000Z,"',",2509,",",3,",",2294,",",24,)
",(",401404108,",",2022,",",10,",'",2022-11-05T16:00:00.000Z,"',",2628,",",34,",",2641,",",24,)
",(",401415649,",",2022,",",10,",'",2022-11-05T16:00:00.000Z,"',",202,",",13,",",2655,",",27,)
",(",401405131,",",2022,",",10,",'",2022-11-05T16:00:00.000Z,"',",275,",",23,",",120,",",10,)
",(",401405128,",",2022,",",10,",'",2022-11-05T16:00:00.000Z,"',",158,",",13,",",135,",",20,)
",(",401405129,",",2022,",",10,",'",2022-11-05T16:00:00.000Z,"',",77,",",7,",",194,",",21,)
",(",401411157,",",2022,",",10,",'",2022-11-05T16:30:00.000Z,"',",259,",",27,",",59,",",28,)
",(",401415648,",",2022,",",10,",'",2022-11-05T18:00:00.000Z,"',",218,",",54,",",58,",",28,)
",(",401426366,",",2022,",",10,",'",2022-11-05T18:00:00.000Z,"',",295,",",0,",",276,",",12,)
",(",401404104,",",2022,",",10,",'",2022-11-05T19:00:00.000Z,"',",201,",",35,",",239,",",38,)
",(",401426369,",",2022,",",10,",'",2022-11-05T19:00:00.000Z,"',",2572,",",14,",",2247,",",42,)
",(",401426600,",",2022,",",10,",'",2022-11-05T19:00:00.000Z,"',",2348,",",40,",",2393,",",24,)
",(",401411155,",",2022,",",10,",'",2022-11-05T19:30:00.000Z,"',",221,",",19,",",183,",",9,)
",(",401415651,",",2022,",",10,",'",2022-11-05T19:30:00.000Z,"',",235,",",28,",",2116,",",35,)
",(",401415252,",",2022,",",10,",'",2022-11-05T19:30:00.000Z,"',",328,",",27,",",167,",",10,)
",(",401405127,",",2022,",",10,",'",2022-11-05T19:30:00.000Z,"',",356,",",15,",",127,",",23,)
",(",401405132,",",2022,",",10,",'",2022-11-05T19:30:00.000Z,"',",84,",",14,",",213,",",45,)
",(",401426602,",",2022,",",10,",'",2022-11-05T19:30:00.000Z,"',",5,",",38,",",2636,",",44,)
",(",401404030,",",2022,",",10,",'",2022-11-05T19:30:00.000Z,"',",38,",",10,",",2483,",",49,)
",(",401404032,",",2022,",",10,",'",2022-11-05T19:30:00.000Z,"',",24,",",14,",",265,",",52,)
",(",401404105,",",2022,",",10,",'",2022-11-05T19:30:00.000Z,"',",66,",",31,",",277,",",14,)
",(",401404106,",",2022,",",10,",'",2022-11-05T19:30:00.000Z,"',",2305,",",37,",",197,",",16,)
",(",401403933,",",2022,",",10,",'",2022-11-05T19:30:00.000Z,"',",61,",",27,",",2633,",",13,)
",(",401426365,",",2022,",",10,",'",2022-11-05T20:00:00.000Z,"',",290,",",31,",",6,",",38,)
",(",401403932,",",2022,",",10,",'",2022-11-05T20:00:00.000Z,"',",8,",",19,",",2335,",",21,)
",(",401426599,",",2022,",",10,",'",2022-11-05T20:00:00.000Z,"',",249,",",52,",",2229,",",14,)
",(",401415650,",",2022,",",10,",'",2022-11-05T20:00:00.000Z,"',",2132,",",20,",",2426,",",10,)
",(",401426368,",",2022,",",10,",'",2022-11-05T21:00:00.000Z,"',",2433,",",31,",",326,",",30,)
",(",401426367,",",2022,",",10,",'",2022-11-05T21:00:00.000Z,"',",309,",",17,",",2653,",",23,)
",(",401403934,",",2022,",",10,",'",2022-11-05T23:00:00.000Z,"',",99,",",32,",",333,",",31,)
",(",401415254,",",2022,",",10,",'",2022-11-05T23:00:00.000Z,"',",21,",",14,",",2439,",",10,)
",(",401415250,",",2022,",",10,",'",2022-11-05T23:00:00.000Z,"',",68,",",28,",",252,",",31,)
",(",401415652,",",2022,",",10,",'",2022-11-05T23:00:00.000Z,"',",2567,",",77,",",248,",",63,)
",(",401404107,",",2022,",",10,",'",2022-11-05T23:00:00.000Z,"',",2306,",",27,",",251,",",34,)
",(",401404027,",",2022,",",10,",'",2022-11-05T23:30:00.000Z,"',",254,",",45,",",12,",",20,)
",(",401404130,",",2022,",",10,",'",2022-11-05T23:30:00.000Z,"',",87,",",35,",",228,",",14,)
",(",401403938,",",2022,",",10,",'",2022-11-05T23:30:00.000Z,"',",238,",",27,",",2579,",",38,)
",(",401411153,",",2022,",",10,",'",2022-11-05T23:30:00.000Z,"',",2390,",",3,",",52,",",45,)
",(",401411152,",",2022,",",10,",'",2022-11-05T23:30:00.000Z,"',",97,",",34,",",256,",",10,)
",(",401405133,",",2022,",",10,",'",2022-11-05T23:30:00.000Z,"',",164,",",17,",",130,",",52,)
",(",401403935,",",2022,",",10,",'",2022-11-05T23:30:00.000Z,"',",344,",",39,",",2,",",33,)
",(",401411154,",",2022,",",10,",'",2022-11-06T00:00:00.000Z,"',",152,",",30,",",154,",",21,)
",(",401415253,",",2022,",",10,",'",2022-11-06T02:30:00.000Z,"',",278,",",55,",",62,",",13,)
",(",401404028,",",2022,",",10,",'",2022-11-06T02:30:00.000Z,"',",9,",",36,",",26,",",50,)
",(",401415251,",",2022,",",10,",'",2022-11-06T02:30:00.000Z,"',",23,",",28,",",36,",",16,)
",(",401404029,",",2022,",",10,",'",2022-11-06T02:30:00.000Z,"',",30,",",41,",",25,",",35,)
",(",401416637,",",2022,",",11,",'",2022-11-09T00:00:00.000Z,"',",2006,",",28,",",2199,",",34,)
",(",401416638,",",2022,",",11,",'",2022-11-09T00:30:00.000Z,"',",193,",",21,",",195,",",37,)
",(",401416636,",",2022,",",11,",'",2022-11-09T01:00:00.000Z,"',",2649,",",28,",",2050,",",21,)
",(",401416640,",",2022,",",11,",'",2022-11-10T00:00:00.000Z,"',",2117,",",31,",",2084,",",27,)
",(",401416639,",",2022,",",11,",'",2022-11-10T00:00:00.000Z,"',",2711,",",21,",",2459,",",24,)
",(",401416641,",",2022,",",11,",'",2022-11-10T00:00:00.000Z,"',",189,",",6,",",2309,",",40,)
",(",401415653,",",2022,",",11,",'",2022-11-11T00:30:00.000Z,"',",235,",",26,",",202,",",10,)
",(",401426370,",",2022,",",11,",'",2022-11-11T00:30:00.000Z,"',",309,",",36,",",290,",",17,)
",(",401415654,",",2022,",",11,",'",2022-11-12T01:00:00.000Z,"',",2132,",",27,",",151,",",25,)
",(",401404033,",",2022,",",11,",'",2022-11-12T02:30:00.000Z,"',",30,",",55,",",38,",",17,)
",(",401415259,",",2022,",",11,",'",2022-11-12T03:30:00.000Z,"',",2439,",",30,",",278,",",37,)
",(",401403945,",",2022,",",11,",'",2022-11-12T17:00:00.000Z,"',",2633,",",66,",",142,",",24,)
",(",401404112,",",2022,",",11,",'",2022-11-12T17:00:00.000Z,"',",277,",",23,",",201,",",20,)
",(",401415656,",",2022,",",11,",'",2022-11-12T17:00:00.000Z,"',",58,",",23,",",2567,",",41,)
",(",401404156,",",2022,",",11,",'",2022-11-12T17:00:00.000Z,"',",41,",",36,",",2335,",",33,)
",(",401404131,",",2022,",",11,",'",2022-11-12T17:00:00.000Z,"',",2426,",",32,",",87,",",35,)
",(",401411163,",",2022,",",11,",'",2022-11-12T17:00:00.000Z,"',",258,",",7,",",221,",",37,)
",(",401403939,",",2022,",",11,",'",2022-11-12T17:00:00.000Z,"',",8,",",10,",",99,",",13,)
",(",401405139,",",2022,",",11,",'",2022-11-12T17:00:00.000Z,"',",194,",",56,",",84,",",14,)
",(",401405138,",",2022,",",11,",'",2022-11-12T17:00:00.000Z,"',",127,",",27,",",164,",",21,)
",(",401405134,",",2022,",",11,",'",2022-11-12T17:00:00.000Z,"',",356,",",24,",",2509,",",31,)
",(",401403942,",",2022,",",11,",'",2022-11-12T17:00:00.000Z,"',",96,",",21,",",238,",",24,)
",(",401411159,",",2022,",",11,",'",2022-11-12T17:00:00.000Z,"',",150,",",24,",",259,",",7,)
",(",401426372,",",2022,",",11,",'",2022-11-12T18:00:00.000Z,"',",2247,",",28,",",2433,",",31,)
",(",401426374,",",2022,",",11,",'",2022-11-12T18:00:00.000Z,"',",295,",",3,",",256,",",37,)
",(",401409241,",",2022,",",11,",'",2022-11-12T19:00:00.000Z,"',",166,",",51,",",2320,",",14,)
",(",401426607,",",2022,",",11,",'",2022-11-12T19:00:00.000Z,"',",98,",",45,",",242,",",10,)
",(",401415655,",",2022,",",11,",'",2022-11-12T20:00:00.000Z,"',",248,",",43,",",218,",",36,)
",(",401414784,",",2022,",",11,",'",2022-11-12T20:00:00.000Z,"',",2032,",",35,",",113,",",33,)
",(",401426373,",",2022,",",11,",'",2022-11-12T20:30:00.000Z,"',",276,",",28,",",2026,",",21,)
",(",401404142,",",2022,",",11,",'",2022-11-12T20:30:00.000Z,"',",2653,",",10,",",349,",",9,)
",(",401405135,",",2022,",",11,",'",2022-11-12T20:30:00.000Z,"',",2294,",",24,",",275,",",10,)
",(",401405136,",",2022,",",11,",'",2022-11-12T20:30:00.000Z,"',",135,",",31,",",77,",",3,)
",(",401405137,",",2022,",",11,",'",2022-11-12T20:30:00.000Z,"',",130,",",34,",",158,",",3,)
",(",401405140,",",2022,",",11,",'",2022-11-12T20:30:00.000Z,"',",213,",",30,",",120,",",0,)
",(",401411158,",",2022,",",11,",'",2022-11-12T20:30:00.000Z,"',",228,",",31,",",97,",",16,)
",(",401411160,",",2022,",",11,",'",2022-11-12T20:30:00.000Z,"',",59,",",14,",",2390,",",35,)
",(",401411161,",",2022,",",11,",'",2022-11-12T20:30:00.000Z,"',",152,",",20,",",103,",",21,)
",(",401415657,",",2022,",",11,",'",2022-11-12T20:30:00.000Z,"',",2655,",",31,",",2116,",",38,)
",(",401426603,",",2022,",",11,",'",2022-11-12T20:30:00.000Z,"',",2393,",",24,",",2429,",",14,)
",(",401403943,",",2022,",",11,",'",2022-11-12T20:30:00.000Z,"',",145,",",24,",",333,",",30,)
",(",401426605,",",2022,",",11,",'",2022-11-12T20:30:00.000Z,"',",2636,",",51,",",2348,",",7,)
",(",401426606,",",2022,",",11,",'",2022-11-12T20:30:00.000Z,"',",5,",",41,",",249,",",21,)
",(",401404035,",",2022,",",11,",'",2022-11-12T20:30:00.000Z,"',",265,",",28,",",9,",",18,)
",(",401415256,",",2022,",",11,",'",2022-11-12T20:30:00.000Z,"',",2005,",",35,",",167,",",3,)
",(",401404110,",",2022,",",11,",'",2022-11-12T20:30:00.000Z,"',",197,",",20,",",66,",",14,)
",(",401403941,",",2022,",",11,",'",2022-11-12T21:00:00.000Z,"',",57,",",38,",",2579,",",6,)
",(",401426375,",",2022,",",11,",'",2022-11-12T22:00:00.000Z,"',",6,",",38,",",326,",",21,)
",(",401426604,",",2022,",",11,",'",2022-11-13T00:00:00.000Z,"',",2229,",",7,",",2226,",",52,)
",(",401404037,",",2022,",",11,",'",2022-11-13T00:00:00.000Z,"',",2483,",",34,",",264,",",37,)
",(",401404111,",",2022,",",11,",'",2022-11-13T00:00:00.000Z,"',",2641,",",43,",",2305,",",28,)
",(",401403944,",",2022,",",11,",'",2022-11-13T00:00:00.000Z,"',",344,",",19,",",61,",",45,)
",(",401404109,",",2022,",",11,",'",2022-11-13T00:00:00.000Z,"',",239,",",3,",",2306,",",31,)
",(",401415258,",",2022,",",11,",'",2022-11-13T00:00:00.000Z,"',",36,",",13,",",2751,",",14,)
",(",401404113,",",2022,",",11,",'",2022-11-13T00:30:00.000Z,"',",251,",",10,",",2628,",",17,)
",(",401403940,",",2022,",",11,",'",2022-11-13T00:30:00.000Z,"',",2,",",13,",",245,",",10,)
",(",401411164,",",2022,",",11,",'",2022-11-13T00:30:00.000Z,"',",154,",",34,",",153,",",36,)
",(",401426371,",",2022,",",11,",'",2022-11-13T00:30:00.000Z,"',",324,",",26,",",2572,",",23,)
",(",401411162,",",2022,",",11,",'",2022-11-13T01:00:00.000Z,"',",183,",",3,",",52,",",38,)
",(",401404036,",",2022,",",11,",'",2022-11-13T02:00:00.000Z,"',",204,",",38,",",25,",",10,)
",(",401404038,",",2022,",",11,",'",2022-11-13T03:00:00.000Z,"',",254,",",42,",",24,",",7,)
",(",401415255,",",2022,",",11,",'",2022-11-13T03:30:00.000Z,"',",2440,",",3,",",68,",",41,)
",(",401404034,",",2022,",",11,",'",2022-11-13T03:30:00.000Z,"',",26,",",28,",",12,",",34,)
",(",401415260,",",2022,",",11,",'",2022-11-13T03:30:00.000Z,"',",21,",",43,",",23,",",27,)
",(",401415257,",",2022,",",11,",'",2022-11-13T04:00:00.000Z,"',",62,",",34,",",328,",",41,)
",(",401416643,",",2022,",",12,",'",2022-11-16T00:00:00.000Z,"',",2050,",",18,",",195,",",32,)
",(",401416642,",",2022,",",12,",'",2022-11-16T00:00:00.000Z,"',",2649,",",35,",",189,",",42,)
",(",401416644,",",2022,",",12,",'",2022-11-16T23:00:00.000Z,"',",2309,",",24,",",2199,",",31,)
",(",401416646,",",2022,",",12,",'",2022-11-17T00:00:00.000Z,"',",2459,",",23,",",193,",",29,)
",(",401416645,",",2022,",",12,",'",2022-11-17T01:00:00.000Z,"',",2117,",",10,",",2711,",",12,)
",(",401415658,",",2022,",",12,",'",2022-11-18T00:30:00.000Z,"',",2655,",",59,",",2567,",",24,)
",(",401415659,",",2022,",",12,",'",2022-11-19T02:00:00.000Z,"',",202,",",48,",",58,",",42,)
",(",401415264,",",2022,",",12,",'",2022-11-19T02:45:00.000Z,"',",167,",",10,",",21,",",34,)
",(",401415661,",",2022,",",12,",'",2022-11-19T16:00:00.000Z,"',",2116,",",14,",",2426,",",17,)
",(",401411169,",",2022,",",12,",'",2022-11-19T17:00:00.000Z,"',",221,",",28,",",150,",",26,)
",(",401411166,",",2022,",",12,",'",2022-11-19T17:00:00.000Z,"',",52,",",49,",",309,",",17,)
",(",401403946,",",2022,",",12,",'",2022-11-19T17:00:00.000Z,"',",333,",",34,",",2046,",",0,)
",(",401404114,",",2022,",",12,",'",2022-11-19T17:00:00.000Z,"',",239,",",28,",",2628,",",29,)
",(",401404143,",",2022,",",12,",'",2022-11-19T17:00:00.000Z,"',",349,",",34,",",41,",",17,)
",(",401404165,",",2022,",",12,",'",2022-11-19T17:00:00.000Z,"',",2335,",",22,",",259,",",23,)
",(",401405143,",",2022,",",12,",'",2022-11-19T17:00:00.000Z,"',",2509,",",17,",",77,",",9,)
",(",401405142,",",2022,",",12,",'",2022-11-19T17:00:00.000Z,"',",158,",",14,",",275,",",15,)
",(",401405145,",",2022,",",12,",'",2022-11-19T17:00:00.000Z,"',",130,",",19,",",356,",",17,)
",(",401403955,",",2022,",",12,",'",2022-11-19T17:00:00.000Z,"',",238,",",31,",",57,",",24,)
",(",401405146,",",2022,",",12,",'",2022-11-19T17:00:00.000Z,"',",127,",",31,",",84,",",39,)
",(",401403951,",",2022,",",12,",'",2022-11-19T17:00:00.000Z,"',",344,",",56,",",2193,",",7,)
",(",401403954,",",2022,",",12,",'",2022-11-19T17:00:00.000Z,"',",245,",",20,",",113,",",3,)
",(",401426611,",",2022,",",12,",'",2022-11-19T18:00:00.000Z,"',",242,",",7,",",2636,",",41,)
",(",401415662,",",2022,",",12,",'",2022-11-19T19:00:00.000Z,"',",235,",",59,",",2453,",",0,)
",(",401415660,",",2022,",",12,",'",2022-11-19T19:00:00.000Z,"',",151,",",3,",",248,",",42,)
",(",401404117,",",2022,",",12,",'",2022-11-19T19:00:00.000Z,"',",277,",",31,",",2306,",",48,)
",(",401404039,",",2022,",",12,",'",2022-11-19T19:00:00.000Z,"',",12,",",20,",",265,",",31,)
",(",401426378,",",2022,",",12,",'",2022-11-19T19:00:00.000Z,"',",256,",",42,",",2247,",",40,)
",(",401404040,",",2022,",",12,",'",2022-11-19T19:15:00.000Z,"',",9,",",7,",",204,",",31,)
",(",401404132,",",2022,",",12,",'",2022-11-19T19:30:00.000Z,"',",87,",",44,",",103,",",0,)
",(",401426376,",",2022,",",12,",'",2022-11-19T19:30:00.000Z,"',",2026,",",27,",",295,",",14,)
",(",401426610,",",2022,",",12,",'",2022-11-19T20:30:00.000Z,"',",2393,",",49,",",2226,",",21,)
",(",401426608,",",2022,",",12,",'",2022-11-19T20:30:00.000Z,"',",2429,",",26,",",2348,",",21,)
",(",401426381,",",2022,",",12,",'",2022-11-19T20:30:00.000Z,"',",2653,",",34,",",2433,",",16,)
",(",401403949,",",2022,",",12,",'",2022-11-19T20:30:00.000Z,"',",96,",",6,",",61,",",16,)
",(",401426379,",",2022,",",12,",'",2022-11-19T20:30:00.000Z,"',",2572,",",20,",",6,",",27,)
",(",401411167,",",2022,",",12,",'",2022-11-19T20:30:00.000Z,"',",97,",",25,",",152,",",10,)
",(",401411165,",",2022,",",12,",'",2022-11-19T20:30:00.000Z,"',",228,",",40,",",2390,",",10,)
",(",401405147,",",2022,",",12,",'",2022-11-19T20:30:00.000Z,"',",164,",",10,",",213,",",55,)
",(",401405144,",",2022,",",12,",'",2022-11-19T20:30:00.000Z,"',",120,",",30,",",194,",",43,)
",(",401420863,",",2022,",",12,",'",2022-11-19T20:30:00.000Z,"',",252,",",52,",",3101,",",26,)
",(",401404116,",",2022,",",12,",'",2022-11-19T20:30:00.000Z,"',",2305,",",14,",",251,",",55,)
",(",401416647,",",2022,",",12,",'",2022-11-19T20:30:00.000Z,"',",2084,",",0,",",2006,",",0,)
",(",401426613,",",2022,",",12,",'",2022-11-19T21:00:00.000Z,"',",2,",",41,",",98,",",17,)
",(",401426609,",",2022,",",12,",'",2022-11-19T21:00:00.000Z,"',",2638,",",40,",",2229,",",6,)
",(",401415663,",",2022,",",12,",'",2022-11-19T21:00:00.000Z,"',",218,",",3,",",2132,",",23,)
",(",401405141,",",2022,",",12,",'",2022-11-19T21:00:00.000Z,"',",135,",",10,",",2294,",",13,)
",(",401426380,",",2022,",",12,",'",2022-11-19T22:00:00.000Z,"',",326,",",16,",",2032,",",13,)
",(",401411168,",",2022,",",12,",'",2022-11-19T22:30:00.000Z,"',",153,",",17,",",59,",",21,)
",(",401404041,",",2022,",",12,",'",2022-11-19T22:30:00.000Z,"',",25,",",27,",",24,",",20,)
",(",401426377,",",2022,",",12,",'",2022-11-19T23:00:00.000Z,"',",290,",",10,",",276,",",23,)
",(",401404115,",",2022,",",12,",'",2022-11-20T00:00:00.000Z,"',",66,",",10,",",2641,",",14,)
",(",401415261,",",2022,",",12,",'",2022-11-20T00:00:00.000Z,"',",2751,",",17,",",68,",",20,)
",(",401403953,",",2022,",",12,",'",2022-11-20T00:00:00.000Z,"',",2579,",",63,",",2633,",",38,)
",(",401403952,",",2022,",",12,",'",2022-11-20T00:30:00.000Z,"',",142,",",45,",",166,",",14,)
",(",401403947,",",2022,",",12,",'",2022-11-20T00:30:00.000Z,"',",8,",",42,",",145,",",27,)
",(",401404118,",",2022,",",12,",'",2022-11-20T00:30:00.000Z,"',",201,",",28,",",197,",",13,)
",(",401411171,",",2022,",",12,",'",2022-11-20T01:00:00.000Z,"',",154,",",45,",",183,",",35,)
",(",401404044,",",2022,",",12,",'",2022-11-20T01:00:00.000Z,"',",26,",",45,",",30,",",48,)
",(",401404042,",",2022,",",12,",'",2022-11-20T02:00:00.000Z,"',",264,",",54,",",38,",",7,)
",(",401415262,",",2022,",",12,",'",2022-11-20T02:00:00.000Z,"',",2005,",",24,",",36,",",12,)
",(",401426612,",",2022,",",12,",'",2022-11-20T02:00:00.000Z,"',",99,",",41,",",5,",",10,)
",(",401415265,",",2022,",",12,",'",2022-11-20T02:45:00.000Z,"',",328,",",35,",",23,",",31,)
",(",401404043,",",2022,",",12,",'",2022-11-20T03:30:00.000Z,"',",2483,",",20,",",254,",",17,)
",(",401415263,",",2022,",",12,",'",2022-11-20T03:30:00.000Z,"',",2440,",",14,",",278,",",41,)
",(",401415266,",",2022,",",12,",'",2022-11-20T04:00:00.000Z,"',",62,",",31,",",2439,",",25,)
",(",401416649,",",2022,",",13,",'",2022-11-23T00:00:00.000Z,"',",195,",",38,",",189,",",14,)
",(",401416648,",",2022,",",13,",'",2022-11-23T00:00:00.000Z,"',",193,",",18,",",2050,",",17,)
",(",401403956,",",2022,",",13,",'",2022-11-25T00:00:00.000Z,"',",145,",",22,",",344,",",24,)
",(",401415269,",",2022,",",13,",'",2022-11-25T17:00:00.000Z,"',",68,",",42,",",328,",",23,)
",(",401416650,",",2022,",",13,",'",2022-11-25T17:00:00.000Z,"',",2199,",",38,",",2117,",",19,)
",(",401415665,",",2022,",",13,",'",2022-11-25T17:00:00.000Z,"',",2132,",",24,",",2655,",",27,)
",(",401416651,",",2022,",",13,",'",2022-11-25T17:00:00.000Z,"',",2711,",",20,",",2649,",",14,)
",(",401404119,",",2022,",",13,",'",2022-11-25T17:00:00.000Z,"',",251,",",38,",",239,",",27,)
",(",401404045,",",2022,",",13,",'",2022-11-25T20:00:00.000Z,"',",12,",",38,",",9,",",35,)
",(",401403961,",",2022,",",13,",'",2022-11-25T20:30:00.000Z,"',",142,",",29,",",8,",",27,)
",(",401415268,",",2022,",",13,",'",2022-11-25T20:30:00.000Z,"',",36,",",17,",",167,",",0,)
",(",401411172,",",2022,",",13,",'",2022-11-25T20:30:00.000Z,"',",153,",",27,",",152,",",30,)
",(",401405148,",",2022,",",13,",'",2022-11-25T21:00:00.000Z,"',",2294,",",17,",",158,",",24,)
",(",401404046,",",2022,",",13,",'",2022-11-25T21:30:00.000Z,"',",25,",",28,",",26,",",35,)
",(",401403958,",",2022,",",13,",'",2022-11-26T00:30:00.000Z,"',",52,",",45,",",57,",",38,)
",(",401415270,",",2022,",",13,",'",2022-11-26T03:00:00.000Z,"',",278,",",30,",",2751,",",0,)
",(",401404166,",",2022,",",13,",'",2022-11-26T17:00:00.000Z,"',",2335,",",14,",",166,",",49,)
",(",401404144,",",2022,",",13,",'",2022-11-26T17:00:00.000Z,"',",113,",",7,",",349,",",44,)
",(",401404123,",",2022,",",13,",'",2022-11-26T17:00:00.000Z,"',",197,",",19,",",277,",",24,)
",(",401403962,",",2022,",",13,",'",2022-11-26T17:00:00.000Z,"',",228,",",30,",",2579,",",31,)
",(",401426383,",",2022,",",13,",'",2022-11-26T17:00:00.000Z,"',",256,",",47,",",324,",",7,)
",(",401405153,",",2022,",",13,",'",2022-11-26T17:00:00.000Z,"',",194,",",23,",",130,",",45,)
",(",401405152,",",2022,",",13,",'",2022-11-26T17:00:00.000Z,"',",120,",",37,",",164,",",0,)
",(",401426389,",",2022,",",13,",'",2022-11-26T17:00:00.000Z,"',",6,",",27,",",295,",",20,)
",(",401426390,",",2022,",",13,",'",2022-11-26T17:00:00.000Z,"',",276,",",28,",",2247,",",23,)
",(",401426615,",",2022,",",13,",'",2022-11-26T17:00:00.000Z,"',",2226,",",31,",",98,",",32,)
",(",401403959,",",2022,",",13,",'",2022-11-26T17:00:00.000Z,"',",61,",",37,",",59,",",14,)
",(",401416653,",",2022,",",13,",'",2022-11-26T18:00:00.000Z,"',",2084,",",27,",",2309,",",30,)
",(",401415664,",",2022,",",13,",'",2022-11-26T18:00:00.000Z,"',",218,",",46,",",151,",",49,)
",(",401416652,",",2022,",",13,",'",2022-11-26T18:30:00.000Z,"',",2459,",",12,",",2006,",",44,)
",(",401426617,",",2022,",",13,",'",2022-11-26T19:00:00.000Z,"',",249,",",21,",",242,",",17,)
",(",401403960,",",2022,",",13,",'",2022-11-26T20:00:00.000Z,"',",96,",",26,",",97,",",13,)
",(",401426616,",",2022,",",13,",'",2022-11-26T20:30:00.000Z,"',",2348,",",27,",",5,",",37,)
",(",401405151,",",2022,",",13,",'",2022-11-26T20:30:00.000Z,"',",84,",",16,",",2509,",",30,)
",(",401405150,",",2022,",",13,",'",2022-11-26T20:30:00.000Z,"',",275,",",16,",",135,",",23,)
",(",401426618,",",2022,",",13,",'",2022-11-26T20:30:00.000Z,"',",2636,",",34,",",2638,",",31,)
",(",401405149,",",2022,",",13,",'",2022-11-26T20:30:00.000Z,"',",77,",",3,",",356,",",41,)
",(",401404047,",",2022,",",13,",'",2022-11-26T20:30:00.000Z,"',",204,",",38,",",2483,",",34,)
",(",401403957,",",2022,",",13,",'",2022-11-26T20:30:00.000Z,"',",333,",",49,",",2,",",27,)
",(",401415271,",",2022,",",13,",'",2022-11-26T20:30:00.000Z,"',",23,",",27,",",62,",",14,)
",(",401411174,",",2022,",",13,",'",2022-11-26T20:30:00.000Z,"',",150,",",34,",",154,",",31,)
",(",401426384,",",2022,",",13,",'",2022-11-26T20:30:00.000Z,"',",2032,",",19,",",2653,",",48,)
",(",401415666,",",2022,",",13,",'",2022-11-26T20:30:00.000Z,"',",2567,",",34,",",235,",",31,)
",(",401404120,",",2022,",",13,",'",2022-11-26T21:00:00.000Z,"',",2628,",",62,",",66,",",14,)
",(",401405154,",",2022,",",13,",'",2022-11-26T21:00:00.000Z,"',",213,",",35,",",127,",",16,)
",(",401404048,",",2022,",",13,",'",2022-11-26T21:00:00.000Z,"',",38,",",21,",",254,",",63,)
",(",401426386,",",2022,",",13,",'",2022-11-26T22:00:00.000Z,"',",326,",",13,",",309,",",41,)
",(",401426385,",",2022,",",13,",'",2022-11-26T22:00:00.000Z,"',",2433,",",10,",",2572,",",20,)
",(",401415272,",",2022,",",13,",'",2022-11-26T23:00:00.000Z,"',",2439,",",27,",",2440,",",22,)
",(",401426382,",",2022,",",13,",'",2022-11-26T23:00:00.000Z,"',",290,",",51,",",2026,",",48,)
",(",401426614,",",2022,",",13,",'",2022-11-26T23:00:00.000Z,"',",2229,",",28,",",2393,",",33,)
",(",401403963,",",2022,",",13,",'",2022-11-27T00:00:00.000Z,"',",245,",",38,",",99,",",23,)
",(",401415667,",",2022,",",13,",'",2022-11-27T00:00:00.000Z,"',",58,",",39,",",2116,",",46,)
",(",401415668,",",2022,",",13,",'",2022-11-27T00:30:00.000Z,"',",248,",",30,",",202,",",37,)
",(",401404122,",",2022,",",13,",'",2022-11-27T00:30:00.000Z,"',",2641,",",51,",",201,",",48,)
",(",401403964,",",2022,",",13,",'",2022-11-27T00:30:00.000Z,"',",238,",",0,",",2633,",",56,)
",(",401404133,",",2022,",",13,",'",2022-11-27T00:30:00.000Z,"',",30,",",38,",",87,",",27,)
",(",401411173,",",2022,",",13,",'",2022-11-27T00:30:00.000Z,"',",103,",",23,",",183,",",32,)
",(",401411175,",",2022,",",13,",'",2022-11-27T01:00:00.000Z,"',",2390,",",16,",",221,",",42,)
",(",401404121,",",2022,",",13,",'",2022-11-27T01:00:00.000Z,"',",2306,",",47,",",2305,",",27,)
",(",401415267,",",2022,",",13,",'",2022-11-27T02:00:00.000Z,"',",21,",",3,",",2005,",",13,)
",(",401404051,",",2022,",",13,",'",2022-11-27T03:30:00.000Z,"',",265,",",33,",",264,",",51,)
",(",401404049,",",2022,",",13,",'",2022-11-27T04:00:00.000Z,"',",24,",",26,",",252,",",35,)
",(",401506450,",",2022,",",14,",'",2022-12-02T18:00:00.000Z,"',",2084,",",23,",",2006,",",22,)
",(",401437032,",",2022,",",14,",'",2022-12-03T00:30:00.000Z,"',",2636,",",48,",",249,",",27,)
",(",401437035,",",2022,",",14,",'",2022-12-03T01:00:00.000Z,"',",30,",",24,",",254,",",47,)
",(",401437030,",",2022,",",14,",'",2022-12-03T17:00:00.000Z,"',",2628,",",28,",",2306,",",31,)
",(",401437033,",",2022,",",14,",'",2022-12-03T17:00:00.000Z,"',",195,",",7,",",2649,",",17,)
",(",401507088,",",2022,",",14,",'",2022-12-03T20:00:00.000Z,"',",166,",",65,",",2674,",",3,)
",(",401437037,",",2022,",",14,",'",2022-12-03T20:30:00.000Z,"',",2653,",",45,",",324,",",26,)
",(",401437034,",",2022,",",14,",'",2022-12-03T21:00:00.000Z,"',",68,",",16,",",278,",",28,)
",(",401437008,",",2022,",",14,",'",2022-12-03T21:00:00.000Z,"',",2655,",",45,",",2116,",",28,)
",(",401437036,",",2022,",",14,",'",2022-12-03T21:00:00.000Z,"',",61,",",50,",",99,",",30,)
",(",401437009,",",2022,",",14,",'",2022-12-04T01:00:00.000Z,"',",153,",",10,",",228,",",39,)
",(",401437031,",",2022,",",14,",'",2022-12-04T01:00:00.000Z,"',",130,",",43,",",2509,",",22,)
",(",401404145,",",2022,",",15,",'",2022-12-10T20:00:00.000Z,"',",349,",",20,",",2426,",",17,)
